date,time,scientific name,species type,species group,number,lat,lng
2/18/2022,12:31:00,Microcarbo pygmaeus,Species,Birds,2,41.066826,20.639593
2/18/2022,12:31:00,Microcarbo pygmaeus,Species,Birds,1,41.066826,20.639593
2/18/2022,12:30:00,Fulica atra,Species,Birds,5,41.066826,20.639593
2/18/2022,12:30:00,Microcarbo pygmaeus,Species,Birds,14,41.066826,20.639593
2/18/2022,12:29:00,Microcarbo pygmaeus,Species,Birds,3,41.066826,20.639593
2/18/2022,12:29:00,Aythya ferina,Species,Birds,5,41.066826,20.639593
2/18/2022,12:28:00,Chroicocephalus ridibundus,Species,Birds,2,41.066826,20.639593
2/18/2022,12:28:00,Podiceps cristatus,Species,Birds,2,41.066826,20.639593
2/18/2022,12:28:00,Fulica atra,Species,Birds,215,41.066826,20.639593
2/18/2022,12:26:00,Podiceps cristatus,Species,Birds,2,41.066826,20.639593
2/18/2022,12:25:00,Fulica atra,Species,Birds,65,41.066826,20.639593
2/18/2022,12:25:00,Chroicocephalus ridibundus,Species,Birds,10,41.066826,20.639593
2/18/2022,12:24:00,Aythya ferina,Species,Birds,10,41.066826,20.639593
2/18/2022,11:28:00,Podiceps cristatus,Species,Birds,50,41.050495,20.64366
2/18/2022,11:28:00,Netta rufina,Species,Birds,4,41.050495,20.64366
2/18/2022,11:27:00,Fulica atra,Species,Birds,45,41.050495,20.64366
2/18/2022,11:27:00,Fulica atra,Species,Birds,100,41.050495,20.64366
2/18/2022,11:27:00,Tachybaptus ruficollis,Species,Birds,2,41.050495,20.64366
2/18/2022,11:26:00,Fulica atra,Species,Birds,53,41.050495,20.64366
2/18/2022,11:26:00,Netta rufina,Species,Birds,3,41.050495,20.64366
2/18/2022,11:26:00,Fulica atra,Species,Birds,147,41.050495,20.64366
2/18/2022,11:19:00,Podiceps cristatus,Species,Birds,100,41.052177,20.646006
2/18/2022,11:19:00,Larus michahellis,Species,Birds,3,41.052177,20.646006
2/18/2022,11:19:00,Chroicocephalus ridibundus,Species,Birds,13,41.052177,20.646006
2/18/2022,11:18:00,Microcarbo pygmaeus,Species,Birds,4,41.052177,20.646006
2/18/2022,11:18:00,Phalacrocorax carbo,Species,Birds,11,41.052177,20.646006
2/18/2022,11:18:00,Fulica atra,Species,Birds,165,41.052177,20.646006
2/18/2022,10:49:00,Fulica atra,Species,Birds,164,41.038136,20.634672
2/18/2022,10:47:00,Microcarbo pygmaeus,Species,Birds,2,41.038136,20.634672
2/18/2022,10:47:00,Chroicocephalus ridibundus,Species,Birds,2,41.038136,20.634672
2/18/2022,10:28:00,Chroicocephalus ridibundus,Species,Birds,1,40.961201,20.645014
2/18/2022,10:28:00,Microcarbo pygmaeus,Species,Birds,13,40.961201,20.645014
2/18/2022,10:27:00,Fulica atra,Species,Birds,50,40.961201,20.645014
2/18/2022,10:23:00,Chroicocephalus ridibundus,Species,Birds,1,40.961201,20.645014
2/18/2022,10:22:00,Podiceps cristatus,Species,Birds,3,40.961201,20.645014
2/18/2022,10:05:00,Microcarbo pygmaeus,Species,Birds,3,40.929855,20.641237
2/18/2022,10:04:00,Fulica atra,Species,Birds,89,40.929855,20.641237
2/18/2022,9:56:00,Chroicocephalus ridibundus,Species,Birds,1,40.903332,20.658194
2/18/2022,9:55:00,Chroicocephalus ridibundus,Species,Birds,25,40.903332,20.658194
2/18/2022,9:55:00,Chroicocephalus ridibundus,Species,Birds,2,40.903332,20.658194
2/18/2022,9:55:00,Microcarbo pygmaeus,Species,Birds,36,40.903332,20.658194
2/18/2022,9:51:00,Microcarbo pygmaeus,Species,Birds,3,40.903332,20.658194
2/18/2022,9:34:00,Fulica atra,Species,Birds,700,40.901234,20.674761
2/18/2022,9:32:00,Microcarbo pygmaeus,Species,Birds,2,40.901234,20.674761
2/18/2022,9:29:00,Microcarbo pygmaeus,Species,Birds,2,40.901234,20.674761
2/18/2022,9:27:00,Podiceps cristatus,Species,Birds,3,40.901234,20.674761
2/18/2022,9:18:00,Cygnus olor,Species,Birds,7,40.900406,20.684158
2/18/2022,9:18:00,Podiceps cristatus,Species,Birds,259,40.900406,20.684158
2/18/2022,9:03:00,Aythya fuligula,Species,Birds,8,40.906151,20.727194
2/18/2022,9:03:00,Microcarbo pygmaeus,Species,Birds,1,40.906151,20.727194
2/18/2022,9:03:00,Netta rufina,Species,Birds,8,40.906151,20.727194
2/18/2022,9:03:00,Aythya ferina,Species,Birds,40,40.906151,20.727194
2/18/2022,9:03:00,Aythya fuligula,Species,Birds,126,40.906151,20.727194
2/18/2022,9:03:00,Fulica atra,Species,Birds,5,40.906151,20.727194
2/18/2022,9:02:00,Podiceps cristatus,Species,Birds,2,40.906151,20.727194
2/18/2022,8:55:00,Microcarbo pygmaeus,Species,Birds,20,40.906151,20.727194
2/18/2022,8:39:00,Fulica atra,Species,Birds,60,40.909321,20.731096
2/18/2022,8:38:00,Fulica atra,Species,Birds,50,40.909321,20.731096
2/18/2022,8:37:00,Fulica atra,Species,Birds,100,40.909321,20.731096
2/18/2022,8:36:00,Fulica atra,Species,Birds,100,40.909321,20.731096
2/18/2022,8:36:00,Fulica atra,Species,Birds,30,40.909321,20.731096
2/18/2022,8:35:00,Fulica atra,Species,Birds,100,40.909321,20.731096
2/18/2022,8:34:00,Fulica atra,Species,Birds,200,40.909321,20.731096
2/18/2022,8:26:00,Aythya fuligula,Species,Birds,47,40.909321,20.731096
2/18/2022,8:26:00,Aythya ferina,Species,Birds,48,40.909321,20.731096
2/18/2022,8:26:00,Netta rufina,Species,Birds,26,40.909321,20.731096
2/18/2022,8:25:00,Podiceps cristatus,Species,Birds,17,40.909321,20.731096
2/18/2022,8:25:00,Anas platyrhynchos,Species,Birds,8,40.909321,20.731096
2/18/2022,8:25:00,Anas crecca,Species,Birds,3,40.909321,20.731096
2/18/2022,8:25:00,Tachybaptus ruficollis,Species,Birds,3,40.909321,20.731096
2/18/2022,8:12:00,Podiceps cristatus,Species,Birds,2,40.909321,20.731096
2/18/2022,8:12:00,Anas platyrhynchos,Species,Birds,8,40.909321,20.731096
2/18/2022,8:12:00,Netta rufina,Species,Birds,17,40.909321,20.731096
2/18/2022,8:12:00,Ardea cinerea,Species,Birds,1,40.909321,20.731096
2/18/2022,8:12:00,Aythya fuligula,Species,Birds,96,40.909321,20.731096
2/18/2022,8:11:00,Anas crecca,Species,Birds,130,40.909321,20.731096
2/18/2022,8:11:00,Aythya ferina,Species,Birds,30,40.909321,20.731096
2/17/2022,13:07:00,Podiceps cristatus,Species,Birds,1,40.768784,20.926758
2/17/2022,13:03:00,Aythya fuligula,Species,Birds,12,40.768784,20.926758
2/17/2022,13:02:00,Chroicocephalus ridibundus,Species,Birds,1,40.768784,20.926758
2/17/2022,13:02:00,Podiceps nigricollis,Species,Birds,1,40.768784,20.926758
2/17/2022,13:02:00,Podiceps cristatus,Species,Birds,1,40.768784,20.926758
2/17/2022,13:02:00,Fulica atra,Species,Birds,3,40.768784,20.926758
2/17/2022,13:01:00,Podiceps cristatus,Species,Birds,1,40.768784,20.926758
2/17/2022,12:59:00,Podiceps nigricollis,Species,Birds,5,40.768784,20.926758
2/17/2022,12:39:00,Lanius excubitor,Species,Birds,1,40.776436,20.906553
2/17/2022,12:38:00,Anas crecca,Species,Birds,10,40.776436,20.906553
2/17/2022,12:37:00,Podiceps nigricollis,Species,Birds,4,40.776436,20.906553
2/17/2022,12:36:00,Anas crecca,Species,Birds,10,40.776436,20.906553
2/17/2022,12:34:00,Anas crecca,Species,Birds,20,40.776436,20.906553
2/17/2022,12:32:00,Anas platyrhynchos,Species,Birds,46,40.776436,20.906553
2/17/2022,12:30:00,Anas crecca,Species,Birds,24,40.776436,20.906553
2/17/2022,12:28:00,Chroicocephalus ridibundus,Species,Birds,10,40.776436,20.906553
2/17/2022,12:28:00,Fulica atra,Species,Birds,55,40.776436,20.906553
2/17/2022,12:25:00,Larus michahellis,Species,Birds,2,40.776436,20.906553
2/17/2022,12:24:00,Aythya fuligula,Species,Birds,13,40.776436,20.906553
2/17/2022,12:20:00,Aythya ferina,Species,Birds,1,40.776436,20.906553
2/17/2022,12:20:00,Aythya fuligula,Species,Birds,25,40.776436,20.906553
2/17/2022,12:19:00,Aythya fuligula,Species,Birds,70,40.776436,20.906553
2/17/2022,12:19:00,Larus michahellis,Species,Birds,1,40.776436,20.906553
2/17/2022,12:14:00,Chroicocephalus ridibundus,Species,Birds,40,40.776436,20.906553
2/17/2022,12:03:00,Podiceps cristatus,Species,Birds,1,40.790443,20.909836
2/17/2022,12:03:00,Aythya ferina,Species,Birds,8,40.790443,20.909836
2/17/2022,12:03:00,Podiceps nigricollis,Species,Birds,5,40.790443,20.909836
2/17/2022,12:02:00,Aythya fuligula,Species,Birds,20,40.790443,20.909836
2/17/2022,12:02:00,Fulica atra,Species,Birds,250,40.790443,20.909836
2/17/2022,12:02:00,Microcarbo pygmaeus,Species,Birds,5,40.790443,20.909836
2/17/2022,12:01:00,Ardea alba,Species,Birds,1,40.790443,20.909836
2/17/2022,12:01:00,Chroicocephalus ridibundus,Species,Birds,25,40.790443,20.909836
2/17/2022,11:46:00,Chroicocephalus ridibundus,Species,Birds,1,40.794426,20.918018
2/17/2022,11:45:00,Fulica atra,Species,Birds,10,40.794426,20.918018
2/17/2022,11:40:00,Aythya ferina,Species,Birds,5,40.794426,20.918018
2/17/2022,11:38:00,Chroicocephalus ridibundus,Species,Birds,3,40.794426,20.918018
2/17/2022,11:36:00,Fulica atra,Species,Birds,90,40.794426,20.918018
2/17/2022,11:34:00,Microcarbo pygmaeus,Species,Birds,10,40.794426,20.918018
2/17/2022,11:31:00,Chroicocephalus ridibundus,Species,Birds,2,40.794426,20.918018
2/17/2022,11:31:00,Fulica atra,Species,Birds,10,40.794426,20.918018
2/17/2022,11:31:00,Aythya fuligula,Species,Birds,15,40.794426,20.918018
2/17/2022,11:31:00,Ardea alba,Species,Birds,1,40.794426,20.918018
2/17/2022,11:31:00,Podiceps cristatus,Species,Birds,1,40.794426,20.918018
2/17/2022,11:31:00,Podiceps nigricollis,Species,Birds,18,40.794426,20.918018
2/17/2022,11:30:00,Podiceps nigricollis,Species,Birds,12,40.794426,20.918018
2/17/2022,11:28:00,Fulica atra,Species,Birds,20,40.794426,20.918018
2/17/2022,11:28:00,Microcarbo pygmaeus,Species,Birds,5,40.794426,20.918018
2/17/2022,11:27:00,Fulica atra,Species,Birds,13,40.794426,20.918018
2/17/2022,11:26:00,Podiceps nigricollis,Species,Birds,5,40.794426,20.918018
2/17/2022,11:26:00,Microcarbo pygmaeus,Species,Birds,1,40.794426,20.918018
2/17/2022,11:26:00,Fulica atra,Species,Birds,65,40.794426,20.918018
2/17/2022,11:24:00,Podiceps cristatus,Species,Birds,1,40.794426,20.918018
2/17/2022,11:23:00,Larus michahellis,Species,Birds,4,40.794426,20.918018
2/17/2022,11:23:00,Anas platyrhynchos,Species,Birds,4,40.794426,20.918018
2/17/2022,11:22:00,Podiceps nigricollis,Species,Birds,2,40.794426,20.918018
2/17/2022,11:22:00,Podiceps cristatus,Species,Birds,3,40.794426,20.918018
2/17/2022,11:22:00,Fulica atra,Species,Birds,45,40.794426,20.918018
2/17/2022,10:40:00,Aythya fuligula,Species,Birds,1,40.85857,20.947088
2/17/2022,10:24:00,Larus michahellis,Species,Birds,1,40.85857,20.947088
2/17/2022,10:19:00,Aythya fuligula,Species,Birds,1,40.864033,20.93985
2/17/2022,10:04:00,Aythya ferina,Species,Birds,150,40.864033,20.93985
2/17/2022,10:03:00,Podiceps nigricollis,Species,Birds,10,40.864033,20.93985
2/17/2022,10:00:00,Fulica atra,Species,Birds,20,40.864033,20.93985
2/17/2022,10:00:00,Aythya fuligula,Species,Birds,74,40.864033,20.93985
2/17/2022,9:50:00,Aythya ferina,Species,Birds,1,40.864033,20.93985
2/17/2022,9:49:00,Fulica atra,Species,Birds,10,40.864033,20.93985
2/17/2022,9:49:00,Aythya fuligula,Species,Birds,17,40.864033,20.93985
2/17/2022,9:45:00,Fulica atra,Species,Birds,10,40.864033,20.93985
2/17/2022,9:44:00,Phalacrocorax carbo,Species,Birds,1,40.864033,20.93985
2/17/2022,9:44:00,Podiceps cristatus,Species,Birds,1,40.864033,20.93985
2/17/2022,9:44:00,Aythya fuligula,Species,Birds,5,40.864033,20.93985
2/17/2022,9:41:00,Ardea alba,Species,Birds,1,40.864033,20.93985
2/17/2022,9:41:00,Chroicocephalus ridibundus,Species,Birds,25,40.864033,20.93985
2/17/2022,9:40:00,Chroicocephalus ridibundus,Species,Birds,15,40.864033,20.93985
2/17/2022,9:38:00,Ardea alba,Species,Birds,5,40.864033,20.93985
2/17/2022,9:38:00,Anas platyrhynchos,Species,Birds,6,40.864033,20.93985
2/17/2022,9:36:00,Podiceps nigricollis,Species,Birds,11,40.864033,20.93985
2/17/2022,9:34:00,Aythya fuligula,Species,Birds,228,40.864033,20.93985
2/17/2022,9:20:00,Ardea alba,Species,Birds,2,40.864033,20.93985
2/17/2022,9:20:00,Fulica atra,Species,Birds,401,40.864033,20.93985
2/17/2022,9:01:00,Phalacrocorax carbo,Species,Birds,3,40.869797,20.929298
2/17/2022,9:00:00,Ardea alba,Species,Birds,1,40.869797,20.929298
2/17/2022,9:00:00,Pelecanus crispus,Species,Birds,3,40.869797,20.929298
2/17/2022,9:00:00,Podiceps nigricollis,Species,Birds,10,40.869797,20.929298
2/17/2022,8:59:00,Chroicocephalus ridibundus,Species,Birds,110,40.869797,20.929298
2/17/2022,8:54:00,Podiceps nigricollis,Species,Birds,6,40.869797,20.929298
2/17/2022,8:52:00,Aythya fuligula,Species,Birds,23,40.869797,20.929298
2/17/2022,8:51:00,Aythya fuligula,Species,Birds,15,40.869797,20.929298
2/17/2022,8:50:00,Aythya ferina,Species,Birds,6,40.869797,20.929298
2/17/2022,8:48:00,Microcarbo pygmaeus,Species,Birds,5,40.869797,20.929298
2/17/2022,8:47:00,Fulica atra,Species,Birds,135,40.869797,20.929298
2/17/2022,8:45:00,Ardea alba,Species,Birds,2,40.869797,20.929298
2/17/2022,8:30:00,Pelecanus crispus,Species,Birds,2,40.883324,20.924471
2/17/2022,8:30:00,Ardea alba,Species,Birds,2,40.883324,20.924471
2/17/2022,8:29:00,Ardea cinerea,Species,Birds,2,40.883324,20.924471
2/17/2022,8:29:00,Podiceps nigricollis,Species,Birds,3,40.883324,20.924471
2/17/2022,8:29:00,Podiceps cristatus,Species,Birds,3,40.883324,20.924471
2/17/2022,8:29:00,Phalacrocorax carbo,Species,Birds,5,40.883324,20.924471
2/17/2022,8:29:00,Mareca strepera,Species,Birds,11,40.883324,20.924471
2/17/2022,8:27:00,Fulica atra,Species,Birds,295,40.883324,20.924471
2/17/2022,8:21:00,Aythya fuligula,Species,Birds,15,40.883324,20.924471
2/17/2022,8:14:00,Anas platyrhynchos,Species,Birds,70,40.883324,20.924471
2/17/2022,8:10:00,Aythya ferina,Species,Birds,40,40.883324,20.924471
2/17/2022,8:03:00,Microcarbo pygmaeus,Species,Birds,2,40.883324,20.924471
2/17/2022,8:02:00,Microcarbo pygmaeus,Species,Birds,2,40.883324,20.924471
2/17/2022,7:57:00,Chroicocephalus ridibundus,Species,Birds,180,40.883324,20.924471
3/7/2022,12:11:00,Tachybaptus ruficollis,Species,Birds,1,41.06675,20.639612
3/7/2022,12:11:00,Aythya ferina,Species,Birds,1,41.06675,20.639612
3/7/2022,12:09:00,Fulica atra,Species,Birds,130,41.06675,20.639612
3/7/2022,12:09:00,Fulica atra,Species,Birds,310,41.06675,20.639612
3/7/2022,12:00:00,Fulica atra,Species,Birds,100,41.052231,20.645866
3/7/2022,11:58:00,Podiceps cristatus,Species,Birds,58,41.052231,20.645866
3/7/2022,11:55:00,Podiceps cristatus,Species,Birds,1,41.052231,20.645866
3/7/2022,11:55:00,Microcarbo pygmaeus,Species,Birds,1,41.052231,20.645866
3/7/2022,11:55:00,Microcarbo pygmaeus,Species,Birds,9,41.052231,20.645866
3/7/2022,11:54:00,Phalacrocorax carbo,Species,Birds,30,41.052231,20.645866
3/7/2022,11:38:00,Microcarbo pygmaeus,Species,Birds,2,41.039059,20.634836
3/7/2022,11:37:00,Fulica atra,Species,Birds,120,41.039059,20.634836
3/7/2022,11:37:00,Microcarbo pygmaeus,Species,Birds,6,41.039059,20.634836
3/7/2022,11:33:00,Fulica atra,Species,Birds,30,41.016727,20.633942
3/7/2022,11:33:00,Phalacrocorax carbo,Species,Birds,9,41.016727,20.633942
3/7/2022,11:24:00,Chroicocephalus ridibundus,Species,Birds,2,40.962898,20.644411
3/7/2022,11:23:00,Fulica atra,Species,Birds,59,40.962898,20.644411
3/7/2022,11:23:00,Phalacrocorax carbo,Species,Birds,6,40.962898,20.644411
3/7/2022,11:23:00,Gavia arctica,Species,Birds,4,40.962898,20.644411
3/7/2022,11:23:00,Accipiter nisus,Species,Birds,1,40.962898,20.644411
3/7/2022,11:00:00,Chroicocephalus ridibundus,Species,Birds,1,40.923965,20.640608
3/7/2022,10:59:00,Chroicocephalus ridibundus,Species,Birds,30,40.923965,20.640608
3/7/2022,10:57:00,Podiceps cristatus,Species,Birds,68,40.923965,20.640608
3/7/2022,10:54:00,Fulica atra,Species,Birds,473,40.923965,20.640608
3/7/2022,10:33:00,Mergus merganser,Species,Birds,1,40.903423,20.658201
3/7/2022,10:22:00,Mergus merganser,Species,Birds,4,40.903423,20.658201
3/7/2022,10:22:00,Gavia arctica,Species,Birds,1,40.903423,20.658201
3/7/2022,10:18:00,Chroicocephalus ridibundus,Species,Birds,33,40.903423,20.658201
3/7/2022,9:50:00,Phalacrocorax carbo,Species,Birds,1,40.90131,20.675028
3/7/2022,9:50:00,Mergus merganser,Species,Birds,1,40.90131,20.675028
3/7/2022,9:50:00,Mergus merganser,Species,Birds,1,40.90131,20.675028
3/7/2022,9:49:00,Mergus merganser,Species,Birds,1,40.90131,20.675028
3/7/2022,9:48:00,Phalacrocorax carbo,Species,Birds,3,40.90131,20.675028
3/7/2022,9:47:00,Fulica atra,Species,Birds,360,40.90131,20.675028
3/7/2022,9:30:00,Aythya ferina,Species,Birds,5,40.902206,20.71664
3/7/2022,9:30:00,Fulica atra,Species,Birds,1160,40.902206,20.71664
3/7/2022,9:30:00,Podiceps cristatus,Species,Birds,341,40.902206,20.71664
3/7/2022,9:27:00,Aythya ferina,Species,Birds,2,40.902206,20.71664
3/7/2022,9:26:00,Mergus serrator,Species,Birds,3,40.902206,20.71664
3/7/2022,9:03:00,Microcarbo pygmaeus,Species,Birds,8,40.902206,20.71664
3/7/2022,9:02:00,Egretta garzetta,Species,Birds,1,40.902206,20.71664
3/7/2022,9:02:00,Cygnus olor,Species,Birds,4,40.902206,20.71664
3/7/2022,8:57:00,Microcarbo pygmaeus,Species,Birds,3,40.902206,20.71664
3/7/2022,8:56:00,Larus michahellis,Species,Birds,1,40.902206,20.71664
3/7/2022,8:55:00,Chroicocephalus ridibundus,Species,Birds,13,40.902206,20.71664
3/7/2022,8:53:00,Larus michahellis,Species,Birds,1,40.902206,20.71664
3/7/2022,8:53:00,Ardea alba,Species,Birds,1,40.902206,20.71664
3/7/2022,8:52:00,Chroicocephalus ridibundus,Species,Birds,15,40.902206,20.71664
3/7/2022,8:52:00,Chroicocephalus ridibundus,Species,Birds,22,40.902206,20.71664
3/7/2022,8:52:00,Microcarbo pygmaeus,Species,Birds,1,40.902206,20.71664
3/7/2022,8:51:00,Chroicocephalus ridibundus,Species,Birds,4,40.902206,20.71664
3/7/2022,8:51:00,Aythya ferina,Species,Birds,2,40.902206,20.71664
3/7/2022,8:51:00,Fulica atra,Species,Birds,17,40.902206,20.71664
3/7/2022,8:19:00,Fulica atra,Species,Birds,10,40.909431,20.731171
3/7/2022,8:18:00,Microcarbo pygmaeus,Species,Birds,1,40.909431,20.731171
3/7/2022,8:18:00,Aythya fuligula,Species,Birds,5,40.909431,20.731171
3/7/2022,8:15:00,Podiceps cristatus,Species,Birds,48,40.909431,20.731171
3/7/2022,8:15:00,Anas crecca,Species,Birds,80,40.909431,20.731171
3/7/2022,8:10:00,Fulica atra,Species,Birds,350,40.909431,20.731171
3/7/2022,8:05:00,Aythya fuligula,Species,Birds,20,40.909431,20.731171
3/7/2022,8:04:00,Aythya ferina,Species,Birds,1,40.909431,20.731171
3/7/2022,8:04:00,Fulica atra,Species,Birds,97,40.909431,20.731171
3/7/2022,8:04:00,Aythya fuligula,Species,Birds,47,40.909431,20.731171
3/7/2022,8:03:00,Aythya ferina,Species,Birds,2,40.909431,20.731171
3/7/2022,8:02:00,Aythya fuligula,Species,Birds,22,40.909431,20.731171
3/7/2022,8:01:00,Melanitta fusca,Species,Birds,1,40.909431,20.731171
3/7/2022,8:01:00,Aythya ferina,Species,Birds,1,40.909431,20.731171
3/7/2022,8:00:00,Aythya fuligula,Species,Birds,6,40.909431,20.731171
3/7/2022,8:00:00,Melanitta fusca,Species,Birds,2,40.909431,20.731171
3/7/2022,7:59:00,Aythya fuligula,Species,Birds,3,40.909431,20.731171
3/7/2022,7:59:00,Spatula clypeata,Species,Birds,9,40.909431,20.731171
3/7/2022,7:59:00,Podiceps nigricollis,Species,Birds,9,40.909431,20.731171
3/7/2022,7:58:00,Melanitta fusca,Species,Birds,5,40.909431,20.731171
3/7/2022,7:55:00,Podiceps cristatus,Species,Birds,2,40.909431,20.731171
3/7/2022,7:55:00,Aythya fuligula,Species,Birds,4,40.909431,20.731171
3/7/2022,7:55:00,Netta rufina,Species,Birds,3,40.909431,20.731171
3/7/2022,7:54:00,Fulica atra,Species,Birds,300,40.909431,20.731171
3/6/2022,16:16:00,Circus cyaneus,Species,Birds,1,40.800556,20.803549
3/6/2022,15:08:00,Fulica atra,Species,Birds,210,40.766441,20.924559
3/6/2022,15:08:00,Aythya fuligula,Species,Birds,15,40.766441,20.924559
3/6/2022,15:02:00,Aythya fuligula,Species,Birds,20,40.766441,20.924559
3/6/2022,15:00:00,Fulica atra,Species,Birds,400,40.766441,20.924559
3/6/2022,15:00:00,Anas crecca,Species,Birds,9,40.766441,20.924559
3/6/2022,15:00:00,Aythya fuligula,Species,Birds,1,40.766441,20.924559
3/6/2022,14:59:00,Anas crecca,Species,Birds,3,40.766441,20.924559
3/6/2022,14:59:00,Anas platyrhynchos,Species,Birds,40,40.766441,20.924559
3/6/2022,14:59:00,Anas crecca,Species,Birds,1,40.766441,20.924559
3/6/2022,14:58:00,Bucephala clangula,Species,Birds,1,40.766441,20.924559
3/6/2022,14:57:00,Anas platyrhynchos,Species,Birds,6,40.766441,20.924559
3/6/2022,14:57:00,Aythya fuligula,Species,Birds,2,40.766441,20.924559
3/6/2022,14:57:00,Anas platyrhynchos,Species,Birds,5,40.766441,20.924559
3/6/2022,14:56:00,Anas crecca,Species,Birds,9,40.766441,20.924559
3/6/2022,14:56:00,Anas platyrhynchos,Species,Birds,2,40.766441,20.924559
3/6/2022,14:56:00,Anas crecca,Species,Birds,1,40.766441,20.924559
3/6/2022,14:56:00,Anas platyrhynchos,Species,Birds,9,40.766441,20.924559
3/6/2022,14:55:00,Aythya fuligula,Species,Birds,2,40.766441,20.924559
3/6/2022,14:55:00,Aythya fuligula,Species,Birds,10,40.766441,20.924559
3/6/2022,14:55:00,Chroicocephalus ridibundus,Species,Birds,1,40.766441,20.924559
3/6/2022,14:55:00,Larus michahellis,Species,Birds,10,40.766441,20.924559
3/6/2022,14:55:00,Anas platyrhynchos,Species,Birds,5,40.766441,20.924559
3/6/2022,14:54:00,Aythya fuligula,Species,Birds,2,40.766441,20.924559
3/6/2022,14:54:00,Larus michahellis,Species,Birds,1,40.766441,20.924559
3/6/2022,14:54:00,Anas crecca,Species,Birds,1,40.766441,20.924559
3/6/2022,14:54:00,Larus michahellis,Species,Birds,1,40.766441,20.924559
3/6/2022,14:53:00,Anas platyrhynchos,Species,Birds,4,40.766441,20.924559
3/6/2022,14:53:00,Anas crecca,Species,Birds,16,40.766441,20.924559
3/6/2022,14:52:00,Aythya ferina,Species,Birds,4,40.766441,20.924559
3/6/2022,14:51:00,Chroicocephalus ridibundus,Species,Birds,1,40.766441,20.924559
3/6/2022,14:51:00,Anas platyrhynchos,Species,Birds,12,40.766441,20.924559
3/6/2022,14:51:00,Aythya ferina,Species,Birds,2,40.766441,20.924559
3/6/2022,14:50:00,Anas platyrhynchos,Species,Birds,1,40.766441,20.924559
3/6/2022,14:50:00,Mareca strepera,Species,Birds,1,40.766441,20.924559
3/6/2022,14:49:00,Falco columbarius,Species,Birds,1,40.766441,20.924559
3/6/2022,13:58:00,Larus michahellis,Species,Birds,2,40.790348,20.909544
3/6/2022,13:58:00,Podiceps nigricollis,Species,Birds,17,40.790348,20.909544
3/6/2022,13:57:00,Tachybaptus ruficollis,Species,Birds,3,40.790348,20.909544
3/6/2022,13:57:00,Anas platyrhynchos,Species,Birds,9,40.790348,20.909544
3/6/2022,13:57:00,Chroicocephalus ridibundus,Species,Birds,5,40.790348,20.909544
3/6/2022,13:57:00,Microcarbo pygmaeus,Species,Birds,7,40.790348,20.909544
3/6/2022,13:56:00,Ardea alba,Species,Birds,1,40.790348,20.909544
3/6/2022,13:56:00,Ardea cinerea,Species,Birds,4,40.790348,20.909544
3/6/2022,13:56:00,Podiceps cristatus,Species,Birds,50,40.790348,20.909544
3/6/2022,13:35:00,Larus michahellis,Species,Birds,1,40.792255,20.916979
3/6/2022,13:34:00,Podiceps cristatus,Species,Birds,4,40.792255,20.916979
3/6/2022,13:34:00,Podiceps nigricollis,Species,Birds,40,40.792255,20.916979
3/6/2022,13:31:00,Microcarbo pygmaeus,Species,Birds,4,40.792255,20.916979
3/6/2022,13:31:00,Fulica atra,Species,Birds,180,40.792255,20.916979
3/6/2022,13:31:00,Anas platyrhynchos,Species,Birds,8,40.792255,20.916979
3/6/2022,13:30:00,Microcarbo pygmaeus,Species,Birds,4,40.792255,20.916979
3/6/2022,13:29:00,Fulica atra,Species,Birds,61,40.792255,20.916979
3/6/2022,12:27:00,Phalacrocorax carbo,Species,Birds,4,40.858517,20.946939
3/6/2022,12:15:00,Podiceps nigricollis,Species,Birds,2,40.858517,20.946939
3/6/2022,12:14:00,Fulica atra,Species,Birds,100,40.858517,20.946939
3/6/2022,12:14:00,Aythya fuligula,Species,Birds,35,40.858517,20.946939
3/6/2022,12:13:00,Aythya ferina,Species,Birds,50,40.858517,20.946939
3/6/2022,11:58:00,Aythya fuligula,Species,Birds,141,40.863239,20.939966
3/6/2022,11:58:00,Aythya ferina,Species,Birds,8,40.863239,20.939966
3/6/2022,11:55:00,Aythya ferina,Species,Birds,22,40.863239,20.939966
3/6/2022,11:55:00,Aythya fuligula,Species,Birds,14,40.863239,20.939966
3/6/2022,11:53:00,Fulica atra,Species,Birds,90,40.863239,20.939966
3/6/2022,11:41:00,Chroicocephalus ridibundus,Species,Birds,1,40.869984,20.929235
3/6/2022,11:40:00,Chroicocephalus ridibundus,Species,Birds,5,40.869984,20.929235
3/6/2022,11:40:00,Podiceps nigricollis,Species,Birds,30,40.869984,20.929235
3/6/2022,11:40:00,Aythya fuligula,Species,Birds,24,40.869984,20.929235
3/6/2022,11:37:00,Aythya fuligula,Species,Birds,26,40.869984,20.929235
3/6/2022,11:35:00,Chroicocephalus ridibundus,Species,Birds,35,40.869984,20.929235
3/6/2022,11:35:00,Fulica atra,Species,Birds,50,40.869984,20.929235
3/6/2022,11:34:00,Fulica atra,Species,Birds,57,40.869984,20.929235
3/6/2022,11:33:00,Fulica atra,Species,Birds,73,40.869984,20.929235
3/6/2022,11:30:00,Fulica atra,Species,Birds,53,40.869984,20.929235
3/6/2022,11:30:00,Podiceps nigricollis,Species,Birds,1,40.869984,20.929235
3/6/2022,11:29:00,Ardea cinerea,Species,Birds,1,40.869984,20.929235
3/6/2022,11:29:00,Fulica atra,Species,Birds,83,40.869984,20.929235
3/6/2022,11:28:00,Anas platyrhynchos,Species,Birds,2,40.869984,20.929235
3/6/2022,11:28:00,Podiceps nigricollis,Species,Birds,1,40.869984,20.929235
3/6/2022,11:27:00,Ardea cinerea,Species,Birds,2,40.869984,20.929235
3/6/2022,11:27:00,Chroicocephalus ridibundus,Species,Birds,3,40.869984,20.929235
3/6/2022,11:26:00,Chroicocephalus ridibundus,Species,Birds,1,40.869984,20.929235
3/6/2022,11:26:00,Ardea alba,Species,Birds,1,40.869984,20.929235
3/6/2022,11:04:00,Aythya fuligula,Species,Birds,15,40.881546,20.922075
3/6/2022,10:57:00,Larus michahellis,Species,Birds,3,40.881546,20.922075
3/6/2022,10:56:00,Podiceps nigricollis,Species,Birds,8,40.881546,20.922075
3/6/2022,10:56:00,Anas platyrhynchos,Species,Birds,62,40.881546,20.922075
3/6/2022,10:55:00,Mareca penelope,Species,Birds,6,40.881546,20.922075
3/6/2022,10:55:00,Anas crecca,Species,Birds,4,40.881546,20.922075
3/6/2022,10:55:00,Aythya ferina,Species,Birds,15,40.881546,20.922075
3/6/2022,10:55:00,Microcarbo pygmaeus,Species,Birds,1,40.881546,20.922075
3/6/2022,10:55:00,Ardea alba,Species,Birds,2,40.881546,20.922075
3/6/2022,10:55:00,Fulica atra,Species,Birds,200,40.881546,20.922075
3/6/2022,10:54:00,Ardea cinerea,Species,Birds,5,40.881546,20.922075
3/6/2022,10:49:00,Gallinago gallinago,Species,Birds,6,40.881546,20.922075
3/6/2022,10:49:00,Mareca strepera,Species,Birds,2,40.881546,20.922075
3/6/2022,10:45:00,Recurvirostra avosetta,Species,Birds,15,40.881546,20.922075
6/7/2022,9:28:00,Aquila chrysaetos,Species,Birds,1,40.130501,19.991655
6/7/2022,9:20:00,Alectoris graeca,Species,Birds,1,40.130501,19.991655
6/7/2022,9:09:00,Aquila chrysaetos,Species,Birds,1,40.130501,19.991655
6/7/2022,8:50:00,Emberiza hortulana,Species,Birds,1,40.130501,19.991655
6/7/2022,8:33:00,Curruca crassirostris,Species,Birds,1,40.130501,19.991655
6/7/2022,8:21:00,Upupa epops,Species,Birds,4,40.130501,19.991655
5/14/2022,17:48:00,Pelecanus crispus,Species,Birds,3,40.130501,19.991655
4/27/2022,10:31:00,Passer hispaniolensis,Species,Birds,1,40.130501,19.991655
4/27/2022,10:24:00,Luscinia megarhynchos,Species,Birds,1,40.130501,19.991655
4/27/2022,10:24:00,Larus michahellis,Species,Birds,1,40.130501,19.991655
4/27/2022,10:23:00,Turdus merula,Species,Birds,1,40.130501,19.991655
4/27/2022,10:23:00,Hirundo rustica,Species,Birds,1,40.130501,19.991655
4/27/2022,10:23:00,Emberiza calandra,Species,Birds,1,40.130501,19.991655
4/27/2022,10:23:00,Aquila chrysaetos,Species,Birds,2,40.130501,19.991655
4/24/2022,11:41:00,Delichon urbicum,Species,Birds,140,40.130501,19.991655
4/20/2022,17:27:00,Curruca communis,Species,Birds,1,40.130501,19.991655
4/20/2022,17:12:00,Ciconia nigra,Species,Birds,2,40.130501,19.991655
4/20/2022,15:39:00,Oenanthe oenanthe,Species,Birds,1,40.245403,19.96282
4/20/2022,15:39:00,Monticola saxatilis,Species,Birds,1,40.24538,19.962822
4/20/2022,11:08:00,Curruca communis,Species,Birds,1,40.223709,19.88883
4/20/2022,9:47:00,Turdus merula,Species,Birds,1,40.512222,19.74069
4/20/2022,9:46:00,Cettia cetti,Species,Birds,1,40.512035,19.739408
4/20/2022,9:46:00,Cecropis daurica,Species,Birds,1,40.512047,19.739338
4/20/2022,9:46:00,Parus major,Species,Birds,2,40.512074,19.738844
4/20/2022,9:46:00,Curruca cantillans,Species,Birds,1,40.5121,19.738512
4/20/2022,9:46:00,Luscinia megarhynchos,Species,Birds,1,40.512032,19.738075
9/10/2022,13:06:00,Xenus cinereus,Species,Birds,1,40.56234,19.409466
12/18/2022,12:27:00,Pyrrhocorax graculus,Species,Birds,100,40.595387,20.194513
11/29/2022,13:08:00,Fulica atra,Species,Birds,120,41.06638,20.639664
11/29/2022,13:04:00,Chroicocephalus ridibundus,Species,Birds,17,41.06638,20.639664
11/29/2022,13:04:00,Microcarbo pygmaeus,Species,Birds,21,41.06638,20.639664
11/29/2022,13:03:00,Cygnus olor,Species,Birds,2,41.06638,20.639664
11/29/2022,13:03:00,Fulica atra,Species,Birds,340,41.06638,20.639664
11/29/2022,13:01:00,Aythya ferina,Species,Birds,8,41.06638,20.639664
11/29/2022,13:01:00,Chroicocephalus ridibundus,Species,Birds,33,41.06638,20.639664
11/29/2022,12:49:00,Phalacrocorax carbo,Species,Birds,4,41.050518,20.643696
11/29/2022,12:43:00,Aythya ferina,Species,Birds,4,41.050518,20.643696
11/29/2022,12:41:00,Podiceps cristatus,Species,Birds,59,41.050518,20.643696
11/29/2022,12:37:00,Microcarbo pygmaeus,Species,Birds,7,41.050518,20.643696
11/29/2022,12:36:00,Phalacrocorax carbo,Species,Birds,5,41.050518,20.643696
11/29/2022,12:36:00,Fulica atra,Species,Birds,186,41.050518,20.643696
11/29/2022,12:29:00,Aythya ferina,Species,Birds,1,41.050518,20.643696
11/29/2022,12:29:00,Tachybaptus ruficollis,Species,Birds,4,41.050518,20.643696
11/29/2022,12:28:00,Aythya ferina,Species,Birds,19,41.050518,20.643696
11/29/2022,12:26:00,Fulica atra,Species,Birds,196,41.050518,20.643696
11/29/2022,12:25:00,Phalacrocorax carbo,Species,Birds,1,41.050518,20.643696
11/29/2022,12:23:00,Tachybaptus ruficollis,Species,Birds,1,41.050518,20.643696
11/29/2022,12:23:00,Podiceps cristatus,Species,Birds,10,41.050518,20.643696
11/29/2022,12:07:00,Chroicocephalus ridibundus,Species,Birds,20,41.038601,20.634905
11/29/2022,12:07:00,Chroicocephalus ridibundus,Species,Birds,5,41.038601,20.634905
11/29/2022,12:07:00,Fulica atra,Species,Birds,46,41.038601,20.634905
11/29/2022,12:04:00,Microcarbo pygmaeus,Species,Birds,2,41.038601,20.634905
11/29/2022,11:54:00,Microcarbo pygmaeus,Species,Birds,25,41.010105,20.63376
11/29/2022,11:53:00,Chroicocephalus ridibundus,Species,Birds,40,41.010105,20.63376
11/29/2022,11:53:00,Fulica atra,Species,Birds,120,41.010105,20.63376
11/29/2022,11:42:00,Microcarbo pygmaeus,Species,Birds,3,40.957134,20.643963
11/29/2022,11:41:00,Fulica atra,Species,Birds,15,40.957134,20.643963
11/29/2022,11:41:00,Microcarbo pygmaeus,Species,Birds,26,40.957134,20.643963
11/29/2022,11:37:00,Podiceps cristatus,Species,Birds,9,40.957134,20.643963
11/29/2022,11:32:00,Podiceps nigricollis,Species,Birds,45,40.957134,20.643963
11/29/2022,11:20:00,Chroicocephalus ridibundus,Species,Birds,1,40.929131,20.641407
11/29/2022,11:17:00,Microcarbo pygmaeus,Species,Birds,2,40.929131,20.641407
11/29/2022,11:17:00,Podiceps cristatus,Species,Birds,3,40.929131,20.641407
11/29/2022,11:17:00,Microcarbo pygmaeus,Species,Birds,1,40.929131,20.641407
11/29/2022,11:17:00,Fulica atra,Species,Birds,200,40.929131,20.641407
11/29/2022,10:31:00,Chroicocephalus ridibundus,Species,Birds,2,40.903355,20.65822
11/29/2022,10:31:00,Microcarbo pygmaeus,Species,Birds,2,40.903355,20.65822
11/29/2022,10:30:00,Podiceps cristatus,Species,Birds,3,40.903355,20.65822
11/29/2022,10:30:00,Aythya ferina,Species,Birds,2,40.903355,20.65822
11/29/2022,10:27:00,Fulica atra,Species,Birds,20,40.903355,20.65822
11/29/2022,10:27:00,Netta rufina,Species,Birds,15,40.903355,20.65822
11/29/2022,10:23:00,Chroicocephalus ridibundus,Species,Birds,3,40.903355,20.65822
11/29/2022,10:22:00,Aythya fuligula,Species,Birds,3,40.903355,20.65822
11/29/2022,10:22:00,Aythya fuligula,Species,Birds,8,40.903355,20.65822
11/29/2022,10:21:00,Aythya fuligula,Species,Birds,4,40.903355,20.65822
11/29/2022,10:20:00,Fulica atra,Species,Birds,106,40.903355,20.65822
11/29/2022,10:19:00,Netta rufina,Species,Birds,88,40.903355,20.65822
11/29/2022,10:18:00,Fulica atra,Species,Birds,98,40.903355,20.65822
11/29/2022,10:18:00,Netta rufina,Species,Birds,4,40.903355,20.65822
11/29/2022,10:01:00,Podiceps cristatus,Species,Birds,13,40.901203,20.67469
11/29/2022,9:57:00,Microcarbo pygmaeus,Species,Birds,1,40.901203,20.67469
11/29/2022,9:55:00,Fulica atra,Species,Birds,26,40.901203,20.67469
11/29/2022,9:54:00,Netta rufina,Species,Birds,2,40.901203,20.67469
11/29/2022,9:53:00,Aythya ferina,Species,Birds,12,40.901203,20.67469
11/29/2022,9:52:00,Fulica atra,Species,Birds,150,40.901203,20.67469
11/29/2022,9:50:00,Chroicocephalus ridibundus,Species,Birds,26,40.901203,20.67469
11/29/2022,9:49:00,Microcarbo pygmaeus,Species,Birds,23,40.901203,20.67469
11/29/2022,9:33:00,Podiceps cristatus,Species,Birds,2,40.901997,20.716328
11/29/2022,9:33:00,Aythya fuligula,Species,Birds,2,40.901997,20.716328
11/29/2022,9:33:00,Fulica atra,Species,Birds,30,40.901997,20.716328
11/29/2022,9:32:00,Microcarbo pygmaeus,Species,Birds,4,40.901997,20.716328
11/29/2022,9:32:00,Aythya ferina,Species,Birds,1,40.901997,20.716328
11/29/2022,9:32:00,Aythya fuligula,Species,Birds,2,40.901997,20.716328
11/29/2022,9:32:00,Podiceps cristatus,Species,Birds,3,40.901997,20.716328
11/29/2022,9:32:00,Microcarbo pygmaeus,Species,Birds,1,40.901997,20.716328
11/29/2022,9:32:00,Aythya ferina,Species,Birds,2,40.901997,20.716328
11/29/2022,9:31:00,Podiceps cristatus,Species,Birds,2,40.901997,20.716328
11/29/2022,9:31:00,Fulica atra,Species,Birds,200,40.901997,20.716328
11/29/2022,9:31:00,Aythya ferina,Species,Birds,47,40.901997,20.716328
11/29/2022,9:31:00,Podiceps cristatus,Species,Birds,1,40.901997,20.716328
11/29/2022,9:31:00,Aythya fuligula,Species,Birds,100,40.901997,20.716328
11/29/2022,9:30:00,Chroicocephalus ridibundus,Species,Birds,88,40.901997,20.716328
11/29/2022,9:30:00,Chroicocephalus ridibundus,Species,Birds,3,40.901997,20.716328
11/29/2022,9:07:00,Chroicocephalus ridibundus,Species,Birds,13,40.909306,20.731152
11/29/2022,9:07:00,Microcarbo pygmaeus,Species,Birds,13,40.909306,20.731152
11/29/2022,9:07:00,Podiceps cristatus,Species,Birds,8,40.909306,20.731152
11/29/2022,9:07:00,Ardea cinerea,Species,Birds,2,40.909306,20.731152
11/29/2022,9:06:00,Aythya ferina,Species,Birds,60,40.909306,20.731152
11/29/2022,9:06:00,Aythya ferina,Species,Birds,115,40.909306,20.731152
11/29/2022,9:06:00,Aythya ferina,Species,Birds,64,40.909306,20.731152
11/29/2022,9:06:00,Podiceps cristatus,Species,Birds,38,40.909306,20.731152
11/29/2022,9:06:00,Fulica atra,Species,Birds,375,40.909306,20.731152
11/29/2022,9:00:00,Egretta garzetta,Species,Birds,2,40.909561,20.731348
11/29/2022,8:59:00,Chroicocephalus ridibundus,Species,Birds,9,40.909565,20.731344
10/21/2022,11:48:00,Ciconia ciconia,Species,Birds,1,40.86253,20.940012
10/20/2022,16:04:00,Clanga clanga,Species,Birds,1,40.990536,19.499584
12/23/2022,10:35:00,Chroicocephalus ridibundus,Species,Birds,2,41.050552,20.643761
12/23/2022,10:35:00,Microcarbo pygmaeus,Species,Birds,13,41.050552,20.643761
12/23/2022,10:34:00,Aythya fuligula,Species,Birds,1,41.050552,20.643761
12/23/2022,10:33:00,Aythya ferina,Species,Birds,6,41.050552,20.643761
12/23/2022,10:33:00,Fulica atra,Species,Birds,322,41.050552,20.643761
12/23/2022,10:31:00,Aythya ferina,Species,Birds,13,41.050552,20.643761
12/23/2022,10:28:00,Cygnus olor,Species,Birds,2,41.050552,20.643761
12/23/2022,10:18:00,Phalacrocorax carbo,Species,Birds,1,41.052361,20.646156
12/23/2022,10:18:00,Tachybaptus ruficollis,Species,Birds,1,41.052361,20.646156
12/23/2022,10:18:00,Netta rufina,Species,Birds,3,41.052361,20.646156
12/23/2022,10:17:00,Podiceps cristatus,Species,Birds,2,41.052361,20.646156
12/23/2022,10:17:00,Fulica atra,Species,Birds,11,41.052361,20.646156
12/23/2022,10:17:00,Aythya ferina,Species,Birds,4,41.052361,20.646156
12/23/2022,10:12:00,Chroicocephalus ridibundus,Species,Birds,30,41.052361,20.646156
12/23/2022,10:10:00,Podiceps cristatus,Species,Birds,89,41.052361,20.646156
12/23/2022,10:07:00,Fulica atra,Species,Birds,95,41.052361,20.646156
12/23/2022,10:06:00,Gavia arctica,Species,Birds,1,41.052361,20.646156
12/23/2022,10:05:00,Microcarbo pygmaeus,Species,Birds,14,41.052361,20.646156
12/23/2022,10:05:00,Phalacrocorax carbo,Species,Birds,8,41.052361,20.646156
12/23/2022,10:05:00,Aythya ferina,Species,Birds,12,41.052361,20.646156
12/23/2022,10:04:00,Gavia arctica,Species,Birds,2,41.052361,20.646156
12/23/2022,10:02:00,Fulica atra,Species,Birds,158,41.052361,20.646156
12/23/2022,10:01:00,Podiceps cristatus,Species,Birds,8,41.052361,20.646156
12/23/2022,9:48:00,Podiceps cristatus,Species,Birds,3,41.038425,20.634829
12/23/2022,9:48:00,Chroicocephalus ridibundus,Species,Birds,3,41.038425,20.634829
12/23/2022,9:47:00,Microcarbo pygmaeus,Species,Birds,5,41.038425,20.634829
12/23/2022,9:47:00,Fulica atra,Species,Birds,110,41.038425,20.634829
12/23/2022,9:47:00,Podiceps cristatus,Species,Birds,16,41.038425,20.634829
12/23/2022,9:42:00,Microcarbo pygmaeus,Species,Birds,10,41.02013,20.63653
12/23/2022,9:42:00,Fulica atra,Species,Birds,55,41.02013,20.63653
12/23/2022,9:41:00,Podiceps nigricollis,Species,Birds,8,41.02013,20.63653
12/23/2022,9:41:00,Podiceps cristatus,Species,Birds,2,41.02013,20.63653
12/23/2022,9:41:00,Chroicocephalus ridibundus,Species,Birds,55,41.02013,20.63653
12/23/2022,9:30:00,Podiceps cristatus,Species,Birds,1,40.962753,20.645126
12/23/2022,9:30:00,Microcarbo pygmaeus,Species,Birds,4,40.962753,20.645126
12/23/2022,9:30:00,Podiceps nigricollis,Species,Birds,34,40.962753,20.645126
12/23/2022,9:29:00,Podiceps cristatus,Species,Birds,8,40.962753,20.645126
12/23/2022,9:15:00,Microcarbo pygmaeus,Species,Birds,2,40.943527,20.641062
12/23/2022,9:15:00,Podiceps cristatus,Species,Birds,47,40.943527,20.641062
12/23/2022,9:15:00,Podiceps nigricollis,Species,Birds,27,40.943527,20.641062
12/23/2022,9:15:00,Fulica atra,Species,Birds,115,40.943527,20.641062
12/23/2022,9:14:00,Microcarbo pygmaeus,Species,Birds,23,40.943527,20.641062
12/23/2022,9:14:00,Fulica atra,Species,Birds,48,40.943527,20.641062
12/23/2022,8:53:00,Chroicocephalus ridibundus,Species,Birds,12,40.903339,20.65819
12/23/2022,8:53:00,Podiceps nigricollis,Species,Birds,10,40.903339,20.65819
12/23/2022,8:53:00,Podiceps cristatus,Species,Birds,10,40.903339,20.65819
12/23/2022,8:52:00,Podiceps nigricollis,Species,Birds,12,40.903339,20.65819
12/23/2022,8:51:00,Podiceps cristatus,Species,Birds,35,40.903339,20.65819
12/23/2022,8:45:00,Spatula clypeata,Species,Birds,2,40.903339,20.65819
12/23/2022,8:45:00,Fulica atra,Species,Birds,1080,40.903339,20.65819
12/23/2022,8:45:00,Aythya fuligula,Species,Birds,22,40.903339,20.65819
12/23/2022,8:41:00,Mareca strepera,Species,Birds,5,40.903339,20.65819
12/23/2022,8:41:00,Aythya ferina,Species,Birds,21,40.903339,20.65819
12/23/2022,8:35:00,Netta rufina,Species,Birds,225,40.903339,20.65819
12/23/2022,8:06:00,Cygnus olor,Species,Birds,1,40.901241,20.674423
12/23/2022,8:06:00,Podiceps cristatus,Species,Birds,7,40.901241,20.674423
12/23/2022,8:06:00,Aythya fuligula,Species,Birds,1,40.901241,20.674423
12/23/2022,8:06:00,Aythya ferina,Species,Birds,1,40.901241,20.674423
12/23/2022,8:05:00,Netta rufina,Species,Birds,2,40.901241,20.674423
12/23/2022,8:02:00,Podiceps nigricollis,Species,Birds,14,40.901241,20.674423
12/23/2022,8:02:00,Podiceps cristatus,Species,Birds,41,40.901241,20.674423
12/23/2022,8:00:00,Chroicocephalus ridibundus,Species,Birds,84,40.901241,20.674423
12/23/2022,7:59:00,Microcarbo pygmaeus,Species,Birds,67,40.901241,20.674423
12/23/2022,7:59:00,Fulica atra,Species,Birds,33,40.901241,20.674423
12/23/2022,7:59:00,Fulica atra,Species,Birds,187,40.901241,20.674423
12/23/2022,7:46:00,Fulica atra,Species,Birds,231,40.901566,20.71113
12/23/2022,7:46:00,Larus michahellis,Species,Birds,13,40.901566,20.71113
12/23/2022,7:46:00,Cygnus olor,Species,Birds,5,40.901566,20.71113
12/23/2022,7:46:00,Chroicocephalus ridibundus,Species,Birds,82,40.901566,20.71113
12/23/2022,7:45:00,Microcarbo pygmaeus,Species,Birds,10,40.901566,20.71113
12/23/2022,7:32:00,Ardea cinerea,Species,Birds,1,40.905582,20.725655
12/23/2022,7:32:00,Phalacrocorax carbo,Species,Birds,1,40.905582,20.725655
12/23/2022,7:29:00,Fulica atra,Species,Birds,12,40.905582,20.725655
12/23/2022,7:29:00,Aythya ferina,Species,Birds,13,40.905582,20.725655
12/23/2022,7:27:00,Podiceps nigricollis,Species,Birds,1,40.905582,20.725655
12/23/2022,7:26:00,Fulica atra,Species,Birds,41,40.905582,20.725655
12/23/2022,7:26:00,Anas platyrhynchos,Species,Birds,2,40.905582,20.725655
12/23/2022,7:25:00,Netta rufina,Species,Birds,5,40.905582,20.725655
12/23/2022,7:25:00,Cygnus olor,Species,Birds,2,40.905582,20.725655
12/23/2022,7:24:00,Ardea cinerea,Species,Birds,4,40.905582,20.725655
12/23/2022,7:24:00,Spatula clypeata,Species,Birds,2,40.905582,20.725655
12/23/2022,7:24:00,Podiceps cristatus,Species,Birds,2,40.905582,20.725655
12/23/2022,7:22:00,Podiceps cristatus,Species,Birds,67,40.905582,20.725655
12/23/2022,7:17:00,Aythya ferina,Species,Birds,327,40.905582,20.725655
12/23/2022,7:15:00,Fulica atra,Species,Birds,495,40.905582,20.725655
12/23/2022,7:15:00,Aythya fuligula,Species,Birds,75,40.905582,20.725655
12/22/2022,13:15:00,Phalacrocorax carbo,Species,Birds,1,40.766037,20.923632
12/22/2022,13:14:00,Podiceps nigricollis,Species,Birds,18,40.766037,20.923632
12/22/2022,13:06:00,Ardea cinerea,Species,Birds,1,40.766037,20.923632
12/22/2022,13:06:00,Aythya fuligula,Species,Birds,10,40.766037,20.923632
12/22/2022,13:06:00,Fulica atra,Species,Birds,270,40.766037,20.923632
12/22/2022,13:06:00,Larus michahellis,Species,Birds,5,40.766037,20.923632
12/22/2022,13:01:00,Ardea alba,Species,Birds,1,40.766037,20.923632
12/22/2022,13:01:00,Chroicocephalus ridibundus,Species,Birds,100,40.766037,20.923632
12/22/2022,13:00:00,Ardea alba,Species,Birds,1,40.766037,20.923632
12/22/2022,13:00:00,Aythya fuligula,Species,Birds,18,40.766037,20.923632
12/22/2022,13:00:00,Anas crecca,Species,Birds,64,40.766037,20.923632
12/22/2022,12:59:00,Aythya ferina,Species,Birds,64,40.766037,20.923632
12/22/2022,12:52:00,Aythya fuligula,Species,Birds,18,40.766037,20.923632
12/22/2022,12:50:00,Mergus merganser,Species,Birds,2,40.766037,20.923632
12/22/2022,12:43:00,Cygnus olor,Species,Birds,2,40.766037,20.923632
12/22/2022,12:43:00,Tadorna tadorna,Species,Birds,1,40.766037,20.923632
12/22/2022,12:43:00,Anas platyrhynchos,Species,Birds,86,40.766037,20.923632
12/22/2022,12:38:00,Podiceps nigricollis,Species,Birds,1,40.766037,20.923632
12/22/2022,12:38:00,Larus michahellis,Species,Birds,1,40.766037,20.923632
12/22/2022,12:37:00,Phalacrocorax carbo,Species,Birds,11,40.766037,20.923632
12/22/2022,12:34:00,Passer montanus,Species,Birds,3,40.765015,20.925497
12/22/2022,12:34:00,Turdus merula,Species,Birds,1,40.764324,20.925833
12/22/2022,12:33:00,Garrulus glandarius,Species,Birds,1,40.763969,20.925989
12/22/2022,12:20:00,Chroicocephalus ridibundus,Species,Birds,1,40.790257,20.909554
12/22/2022,12:17:00,Podiceps nigricollis,Species,Birds,12,40.790257,20.909554
12/22/2022,12:17:00,Aythya fuligula,Species,Birds,62,40.790257,20.909554
12/22/2022,12:17:00,Podiceps cristatus,Species,Birds,22,40.790257,20.909554
12/22/2022,12:14:00,Larus michahellis,Species,Birds,1,40.790257,20.909554
12/22/2022,12:13:00,Phalacrocorax carbo,Species,Birds,2,40.790257,20.909554
12/22/2022,12:13:00,Fulica atra,Species,Birds,60,40.790257,20.909554
12/22/2022,12:10:00,Chroicocephalus ridibundus,Species,Birds,15,40.790257,20.909554
12/22/2022,12:10:00,Phalacrocorax carbo,Species,Birds,3,40.790257,20.909554
12/22/2022,12:10:00,Microcarbo pygmaeus,Species,Birds,34,40.790257,20.909554
12/22/2022,12:10:00,Podiceps nigricollis,Species,Birds,56,40.790257,20.909554
12/22/2022,12:07:00,Aythya ferina,Species,Birds,14,40.790257,20.909554
12/22/2022,12:04:00,Microcarbo pygmaeus,Species,Birds,20,40.790257,20.909554
12/22/2022,12:04:00,Chroicocephalus ridibundus,Species,Birds,8,40.790257,20.909554
12/22/2022,12:03:00,Ardea alba,Species,Birds,1,40.790257,20.909554
12/22/2022,11:48:00,Turdus viscivorus,Species,Birds,1,40.844372,20.927956
12/22/2022,11:40:00,Microcarbo pygmaeus,Species,Birds,1,40.85862,20.946974
12/22/2022,11:40:00,Aythya fuligula,Species,Birds,2,40.85862,20.946974
12/22/2022,11:40:00,Aythya fuligula,Species,Birds,4,40.85862,20.946974
12/22/2022,11:39:00,Aythya fuligula,Species,Birds,5,40.85862,20.946974
12/22/2022,11:39:00,Podiceps nigricollis,Species,Birds,15,40.85862,20.946974
12/22/2022,11:36:00,Fulica atra,Species,Birds,156,40.85862,20.946974
12/22/2022,11:34:00,Microcarbo pygmaeus,Species,Birds,3,40.85862,20.946974
12/22/2022,11:34:00,Aythya ferina,Species,Birds,14,40.85862,20.946974
12/22/2022,11:25:00,Podiceps nigricollis,Species,Birds,15,40.8647,20.93919
12/22/2022,11:22:00,Aythya fuligula,Species,Birds,43,40.8647,20.93919
12/22/2022,11:21:00,Fulica atra,Species,Birds,225,40.8647,20.93919
12/22/2022,11:20:00,Anas platyrhynchos,Species,Birds,9,40.8647,20.93919
12/22/2022,11:14:00,Phalacrocorax carbo,Species,Birds,1,40.870361,20.928402
12/22/2022,11:13:00,Fulica atra,Species,Birds,115,40.870361,20.928402
12/22/2022,11:12:00,Phalacrocorax carbo,Species,Birds,3,40.870361,20.928402
12/22/2022,11:11:00,Podiceps nigricollis,Species,Birds,42,40.870361,20.928402
12/22/2022,11:11:00,Podiceps cristatus,Species,Birds,8,40.870361,20.928402
12/22/2022,11:09:00,Chroicocephalus ridibundus,Species,Birds,123,40.870361,20.928402
12/22/2022,10:49:00,Anas crecca,Species,Birds,2,40.883114,20.921671
12/22/2022,10:48:00,Podiceps cristatus,Species,Birds,25,40.883114,20.921671
12/22/2022,10:48:00,Chroicocephalus ridibundus,Species,Birds,40,40.883114,20.921671
12/22/2022,10:48:00,Aythya marila,Species,Birds,1,40.883114,20.921671
12/22/2022,10:45:00,Microcarbo pygmaeus,Species,Birds,3,40.883114,20.921671
12/22/2022,10:45:00,Phalacrocorax carbo,Species,Birds,7,40.883114,20.921671
12/22/2022,10:44:00,Ardea alba,Species,Birds,1,40.883114,20.921671
12/22/2022,10:44:00,Ardea cinerea,Species,Birds,3,40.883114,20.921671
12/22/2022,10:42:00,Aythya ferina,Species,Birds,25,40.883114,20.921671
12/22/2022,10:42:00,Fulica atra,Species,Birds,358,40.883114,20.921671
12/22/2022,10:42:00,Podiceps nigricollis,Species,Birds,42,40.883114,20.921671
12/22/2022,10:42:00,Aythya fuligula,Species,Birds,138,40.883114,20.921671
12/22/2022,10:37:00,Podiceps nigricollis,Species,Birds,113,40.883114,20.921671
12/22/2022,10:27:00,Mareca strepera,Species,Birds,13,40.883114,20.921671
12/22/2022,10:27:00,Anas platyrhynchos,Species,Birds,80,40.883114,20.921671
12/22/2022,9:38:00,Saxicola rubicola,Species,Birds,1,40.734661,20.876928
2/25/2023,11:54:00,Podiceps cristatus,Species,Birds,1,41.0665,20.6392
2/25/2023,11:53:00,Aythya fuligula,Species,Birds,3,41.0665,20.6392
2/25/2023,11:52:00,Fulica atra,Species,Birds,143,41.0665,20.6392
2/25/2023,11:52:00,Microcarbo pygmaeus,Species,Birds,2,41.0665,20.6392
2/25/2023,11:52:00,Chroicocephalus ridibundus,Species,Birds,11,41.0665,20.6392
2/25/2023,11:50:00,Cygnus olor,Species,Birds,2,41.0665,20.6392
2/25/2023,11:50:00,Aythya ferina,Species,Birds,7,41.0665,20.6392
2/25/2023,11:50:00,Gallinula chloropus,Species,Birds,1,41.0665,20.6392
2/25/2023,11:49:00,Fulica atra,Species,Birds,17,41.0665,20.6392
2/25/2023,11:49:00,Tachybaptus ruficollis,Species,Birds,1,41.0665,20.6392
2/25/2023,11:40:00,Chroicocephalus ridibundus,Species,Birds,1,41.0508,20.6434
2/25/2023,11:37:00,Chroicocephalus ridibundus,Species,Birds,11,41.0508,20.6434
2/25/2023,11:37:00,Fulica atra,Species,Birds,103,41.0508,20.6434
2/25/2023,11:19:00,Microcarbo pygmaeus,Species,Birds,6,41.0508,20.6434
2/25/2023,11:18:00,Fulica atra,Species,Birds,326,41.0508,20.6434
2/25/2023,11:18:00,Phalacrocorax carbo,Species,Birds,37,41.0508,20.6434
2/25/2023,11:17:00,Larus michahellis,Species,Birds,1,41.0508,20.6434
2/25/2023,11:17:00,Podiceps cristatus,Species,Birds,11,41.0508,20.6434
2/25/2023,11:08:00,Tachybaptus ruficollis,Species,Birds,1,41.0508,20.6434
2/25/2023,11:03:00,Microcarbo pygmaeus,Species,Birds,5,41.0508,20.6434
2/25/2023,11:02:00,Microcarbo pygmaeus,Species,Birds,2,41.0508,20.6434
2/25/2023,10:59:00,Ardea cinerea,Species,Birds,1,41.0508,20.6434
2/25/2023,10:59:00,Podiceps nigricollis,Species,Birds,1,41.0508,20.6434
2/25/2023,10:58:00,Fulica atra,Species,Birds,27,41.0508,20.6434
2/25/2023,10:58:00,Podiceps cristatus,Species,Birds,124,41.0508,20.6434
2/25/2023,10:44:00,Microcarbo pygmaeus,Species,Birds,2,41.0305,20.6352
2/25/2023,10:44:00,Fulica atra,Species,Birds,40,41.0305,20.6352
2/25/2023,10:43:00,Microcarbo pygmaeus,Species,Birds,9,41.0305,20.6352
2/25/2023,10:43:00,Chroicocephalus ridibundus,Species,Birds,2,41.0305,20.6352
2/25/2023,10:30:00,Microcarbo pygmaeus,Species,Birds,2,40.9298,20.6412
2/25/2023,10:30:00,Podiceps cristatus,Species,Birds,2,40.9298,20.6412
2/25/2023,10:30:00,Fulica atra,Species,Birds,97,40.9298,20.6412
2/25/2023,10:29:00,Netta rufina,Species,Birds,55,40.9298,20.6412
2/25/2023,10:23:00,Fulica atra,Species,Birds,180,40.9298,20.6412
2/25/2023,10:23:00,Microcarbo pygmaeus,Species,Birds,79,40.9298,20.6412
2/25/2023,10:13:00,Microcarbo pygmaeus,Species,Birds,1,40.9629,20.645
2/25/2023,10:13:00,Fulica atra,Species,Birds,25,40.9629,20.645
2/25/2023,10:12:00,Chroicocephalus ridibundus,Species,Birds,1,40.9629,20.645
2/25/2023,10:12:00,Podiceps cristatus,Species,Birds,1,40.9629,20.645
2/25/2023,10:12:00,Fulica atra,Species,Birds,32,40.9629,20.645
2/25/2023,10:11:00,Microcarbo pygmaeus,Species,Birds,12,40.9629,20.645
2/25/2023,10:10:00,Microcarbo pygmaeus,Species,Birds,11,40.9629,20.645
2/25/2023,10:10:00,Fulica atra,Species,Birds,50,40.9629,20.645
2/25/2023,9:38:00,Chroicocephalus ridibundus,Species,Birds,1,40.9034,20.6582
2/25/2023,9:35:00,Chroicocephalus ridibundus,Species,Birds,14,40.9034,20.6582
2/25/2023,9:34:00,Mergus merganser,Species,Birds,7,40.9034,20.6582
2/25/2023,9:34:00,Podiceps cristatus,Species,Birds,6,40.9034,20.6582
2/25/2023,9:32:00,Podiceps cristatus,Species,Birds,1,40.9034,20.6582
2/25/2023,9:32:00,Microcarbo pygmaeus,Species,Birds,9,40.9034,20.6582
2/25/2023,9:31:00,Podiceps cristatus,Species,Birds,97,40.9034,20.6582
2/25/2023,9:30:00,Cygnus olor,Species,Birds,5,40.9034,20.6582
2/25/2023,9:30:00,Fulica atra,Species,Birds,191,40.9034,20.6582
2/25/2023,9:30:00,Aythya ferina,Species,Birds,7,40.9034,20.6582
2/25/2023,9:29:00,Aythya fuligula,Species,Birds,37,40.9034,20.6582
2/25/2023,9:28:00,Fulica atra,Species,Birds,131,40.9034,20.6582
2/25/2023,9:15:00,Chroicocephalus ridibundus,Species,Birds,1,40.9012,20.6741
2/25/2023,9:12:00,Mergus merganser,Species,Birds,1,40.9012,20.6741
2/25/2023,9:12:00,Podiceps cristatus,Species,Birds,138,40.9012,20.6741
2/25/2023,9:11:00,Larus michahellis,Species,Birds,2,40.9012,20.6741
2/25/2023,9:11:00,Chroicocephalus ridibundus,Species,Birds,10,40.9012,20.6741
2/25/2023,9:10:00,Microcarbo pygmaeus,Species,Birds,9,40.9012,20.6741
2/25/2023,9:09:00,Podiceps cristatus,Species,Birds,134,40.9012,20.6741
2/25/2023,9:09:00,Mergus merganser,Species,Birds,2,40.9012,20.6741
2/25/2023,9:09:00,Podiceps cristatus,Species,Birds,220,40.9012,20.6741
2/25/2023,8:55:00,Chroicocephalus ridibundus,Species,Birds,107,40.9008,20.7014
2/25/2023,8:54:00,Chroicocephalus ridibundus,Species,Birds,3,40.9008,20.7014
2/25/2023,8:50:00,Chroicocephalus ridibundus,Species,Birds,5,40.9008,20.7014
2/25/2023,8:50:00,Fulica atra,Species,Birds,700,40.9008,20.7014
2/25/2023,8:43:00,Chroicocephalus ridibundus,Species,Birds,175,40.9008,20.7014
2/25/2023,8:33:00,Tachybaptus ruficollis,Species,Birds,2,40.9069,20.7287
2/25/2023,8:33:00,Aythya ferina,Species,Birds,115,40.9069,20.7287
2/25/2023,8:32:00,Microcarbo pygmaeus,Species,Birds,3,40.9069,20.7287
2/25/2023,8:30:00,Microcarbo pygmaeus,Species,Birds,4,40.9069,20.7287
2/25/2023,8:29:00,Netta rufina,Species,Birds,2,40.9069,20.7287
2/25/2023,8:29:00,Aythya fuligula,Species,Birds,144,40.9069,20.7287
2/25/2023,8:25:00,Netta rufina,Species,Birds,35,40.9069,20.7287
2/25/2023,8:24:00,Fulica atra,Species,Birds,40,40.9069,20.7287
2/25/2023,8:23:00,Netta rufina,Species,Birds,2,40.9069,20.7287
2/25/2023,8:23:00,Netta rufina,Species,Birds,4,40.9069,20.7287
2/25/2023,8:21:00,Anas crecca,Species,Birds,101,40.9069,20.7287
2/25/2023,8:20:00,Podiceps cristatus,Species,Birds,25,40.9069,20.7287
2/25/2023,8:16:00,Fulica atra,Species,Birds,151,40.9069,20.7287
2/24/2023,12:22:00,Podiceps cristatus,Species,Birds,20,40.7663,20.9231
2/24/2023,12:20:00,Ardea alba,Species,Birds,1,40.7663,20.9231
2/24/2023,12:20:00,Ardea cinerea,Species,Birds,2,40.7663,20.9231
2/24/2023,12:20:00,Chroicocephalus ridibundus,Species,Birds,9,40.7663,20.9231
2/24/2023,12:20:00,Larus michahellis,Species,Birds,32,40.7663,20.9231
2/24/2023,12:18:00,Podiceps nigricollis,Species,Birds,3,40.7663,20.9231
2/24/2023,12:17:00,Aythya ferina,Species,Birds,12,40.7663,20.9231
2/24/2023,12:17:00,Fulica atra,Species,Birds,124,40.7663,20.9231
2/24/2023,12:13:00,Podiceps nigricollis,Species,Birds,7,40.7663,20.9231
2/24/2023,12:12:00,Aythya fuligula,Species,Birds,148,40.7663,20.9231
2/24/2023,12:09:00,Anas platyrhynchos,Species,Birds,27,40.7663,20.9231
2/24/2023,12:07:00,Mareca penelope,Species,Birds,6,40.7663,20.9231
2/24/2023,12:07:00,Anas crecca,Species,Birds,37,40.7663,20.9231
2/24/2023,12:07:00,Anas crecca,Species,Birds,28,40.7663,20.9231
2/24/2023,12:05:00,Anas platyrhynchos,Species,Birds,95,40.7663,20.9231
2/24/2023,11:36:00,Emberiza cirlus,Species,Birds,1,40.7909,20.9089
2/24/2023,11:34:00,Podiceps nigricollis,Species,Birds,2,40.7909,20.9089
2/24/2023,11:34:00,Podiceps cristatus,Species,Birds,4,40.7909,20.9089
2/24/2023,11:34:00,Larus michahellis,Species,Birds,1,40.7909,20.9089
2/24/2023,11:34:00,Ardea alba,Species,Birds,1,40.7909,20.9089
2/24/2023,11:33:00,Microcarbo pygmaeus,Species,Birds,27,40.7909,20.9089
2/24/2023,11:28:00,Chroicocephalus ridibundus,Species,Birds,1,40.7902,20.9094
2/24/2023,11:18:00,Aythya ferina,Species,Birds,1,40.7902,20.9094
2/24/2023,11:18:00,Podiceps nigricollis,Species,Birds,18,40.7902,20.9094
2/24/2023,11:14:00,Chroicocephalus ridibundus,Species,Birds,3,40.7902,20.9094
2/24/2023,11:14:00,Chroicocephalus ridibundus,Species,Birds,12,40.7902,20.9094
2/24/2023,11:14:00,Podiceps cristatus,Species,Birds,3,40.7902,20.9094
2/24/2023,11:14:00,Aythya fuligula,Species,Birds,100,40.7902,20.9094
2/24/2023,11:09:00,Phalacrocorax carbo,Species,Birds,1,40.7902,20.9094
2/24/2023,11:09:00,Ardea alba,Species,Birds,1,40.7902,20.9094
2/24/2023,11:09:00,Podiceps cristatus,Species,Birds,28,40.7902,20.9094
2/24/2023,11:05:00,Fulica atra,Species,Birds,140,40.7902,20.9094
2/24/2023,11:05:00,Phalacrocorax carbo,Species,Birds,1,40.7902,20.9094
2/24/2023,11:05:00,Microcarbo pygmaeus,Species,Birds,34,40.7902,20.9094
2/24/2023,10:39:00,Chroicocephalus ridibundus,Species,Birds,1,40.8585,20.947
2/24/2023,10:34:00,Podiceps cristatus,Species,Birds,1,40.8646,20.9394
2/24/2023,10:33:00,Aythya fuligula,Species,Birds,78,40.8646,20.9394
2/24/2023,10:31:00,Podiceps nigricollis,Species,Birds,1,40.8646,20.9394
2/24/2023,10:27:00,Podiceps nigricollis,Species,Birds,2,40.8646,20.9394
2/24/2023,10:27:00,Podiceps cristatus,Species,Birds,1,40.8646,20.9394
2/24/2023,10:27:00,Ardea alba,Species,Birds,1,40.8646,20.9394
2/24/2023,10:27:00,Fulica atra,Species,Birds,154,40.8646,20.9394
2/24/2023,10:22:00,Phalacrocorax carbo,Species,Birds,1,40.8693,20.93
2/24/2023,10:17:00,Podiceps nigricollis,Species,Birds,20,40.8693,20.93
2/24/2023,10:17:00,Aythya fuligula,Species,Birds,37,40.8693,20.93
2/24/2023,10:15:00,Chroicocephalus ridibundus,Species,Birds,304,40.8693,20.93
2/24/2023,10:14:00,Accipiter nisus,Species,Birds,1,40.8693,20.93
2/24/2023,10:07:00,Anas platyrhynchos,Species,Birds,10,40.8693,20.93
2/24/2023,10:07:00,Fulica atra,Species,Birds,174,40.8693,20.93
2/24/2023,9:43:00,Emberiza calandra,Species,Birds,1,40.8832,20.9247
2/24/2023,9:42:00,Phalacrocorax carbo,Species,Birds,1,40.8832,20.9247
2/24/2023,9:42:00,Picus viridis,Species,Birds,1,40.8832,20.9247
2/24/2023,9:41:00,Chroicocephalus ridibundus,Species,Birds,336,40.8832,20.9247
2/24/2023,9:40:00,Fulica atra,Species,Birds,415,40.8832,20.9247
2/24/2023,9:39:00,Podiceps cristatus,Species,Birds,6,40.8832,20.9247
2/24/2023,9:39:00,Podiceps nigricollis,Species,Birds,7,40.8832,20.9247
2/24/2023,9:34:00,Buteo buteo,Species,Birds,2,40.8832,20.9247
2/24/2023,9:34:00,Circus pygargus,Species,Birds,1,40.8832,20.9247
2/24/2023,9:30:00,Podiceps nigricollis,Species,Birds,4,40.8832,20.9247
2/24/2023,9:29:00,Larus michahellis,Species,Birds,4,40.8832,20.9247
2/24/2023,9:28:00,Anas crecca,Species,Birds,4,40.8832,20.9247
2/24/2023,9:27:00,Podiceps cristatus,Species,Birds,8,40.8832,20.9247
2/24/2023,9:26:00,Aythya fuligula,Species,Birds,18,40.8832,20.9247
2/24/2023,9:25:00,Mareca strepera,Species,Birds,37,40.8832,20.9247
2/24/2023,9:17:00,Mareca penelope,Species,Birds,4,40.8832,20.9247
2/24/2023,9:17:00,Ardea cinerea,Species,Birds,1,40.8832,20.9247
2/24/2023,9:12:00,Ardea cinerea,Species,Birds,1,40.8832,20.9247
2/24/2023,9:12:00,Ardea alba,Species,Birds,4,40.8832,20.9247
2/24/2023,9:09:00,Anas platyrhynchos,Species,Birds,22,40.8832,20.9247
2/24/2023,8:58:00,Aythya ferina,Species,Birds,88,40.8832,20.9247
1/15/2023,13:45:00,Anas crecca,Species,Birds,2,39.7648,20.0012
1/15/2023,12:08:00,Numenius arquata,Species,Birds,1,39.7648,20.0012
1/15/2023,12:07:00,Vanellus vanellus,Species,Birds,70,39.7648,20.0012
1/15/2023,11:10:00,Phalacrocorax carbo,Species,Birds,6,39.7648,20.0012
1/15/2023,11:08:00,Phalacrocorax carbo,Species,Birds,1,39.7688,20.0072
5/3/2023,16:01:00,Pica pica,Species,Birds,1,40.492343,19.447945
4/22/2023,11:21:00,Upupa epops,Species,Birds,2,40.539165,19.377296
4/22/2023,11:03:00,Saxicola rubetra,Species,Birds,1,40.539165,19.377296
4/22/2023,10:48:00,Tachymarptis melba,Species,Birds,4,40.539165,19.377296
4/22/2023,10:43:00,Falco vespertinus,Species,Birds,1,40.539165,19.377296
4/22/2023,10:12:00,Circus aeruginosus,Species,Birds,1,40.539165,19.377296
4/22/2023,10:03:00,Circus pygargus,Species,Birds,1,40.539165,19.377296
4/22/2023,9:52:00,Tachymarptis melba,Species,Birds,5,40.5392,19.377337
4/22/2023,9:51:00,Tachymarptis melba,Species,Birds,5,40.5392,19.377337
4/22/2023,9:47:00,Tachymarptis melba,Species,Birds,2,40.5392,19.377337
4/22/2023,9:46:00,Circus pygargus,Species,Birds,1,40.5392,19.377337
4/22/2023,9:46:00,Circus pygargus,Species,Birds,2,40.5392,19.377337
4/22/2023,9:43:00,Circus pygargus,Species,Birds,1,40.5392,19.377337
4/22/2023,9:43:00,Circus pygargus,Species,Birds,2,40.5392,19.377337
4/22/2023,9:40:00,Circus aeruginosus,Species,Birds,1,40.5392,19.377337
4/22/2023,9:36:00,Tachymarptis melba,Species,Birds,2,40.5392,19.377337
4/22/2023,9:29:00,Tachymarptis melba,Species,Birds,2,40.5392,19.377337
4/22/2023,9:29:00,Tachymarptis melba,Species,Birds,3,40.5392,19.377337
4/22/2023,9:28:00,Anas platyrhynchos,Species,Birds,2,40.5392,19.377337
4/22/2023,9:27:00,Tachymarptis melba,Species,Birds,2,40.5392,19.377337
4/22/2023,9:23:00,Tachymarptis melba,Species,Birds,3,40.5392,19.377337
4/22/2023,9:22:00,Falco vespertinus,Species,Birds,1,40.5392,19.377337
4/22/2023,9:20:00,Phoenicopterus roseus,Species,Birds,48,40.5392,19.377337
4/22/2023,9:10:00,Tachymarptis melba,Species,Birds,9,40.5392,19.377337
4/22/2023,9:05:00,Tachymarptis melba,Species,Birds,7,40.5392,19.377337
4/22/2023,9:04:00,Tachymarptis melba,Species,Birds,5,40.5392,19.377337
4/22/2023,9:02:00,Tachymarptis melba,Species,Birds,1,40.5392,19.377337
4/22/2023,9:02:00,Accipiter nisus,Species,Birds,1,40.5392,19.377337
4/22/2023,8:54:00,Tachymarptis melba,Species,Birds,6,40.5392,19.377325
4/22/2023,8:52:00,Tachymarptis melba,Species,Birds,4,40.5392,19.377325
4/22/2023,8:49:00,Tachymarptis melba,Species,Birds,5,40.5392,19.377325
4/22/2023,8:37:00,Falco subbuteo,Species,Birds,1,40.5392,19.377325
4/22/2023,8:35:00,Sterna hirundo,Species,Birds,2,40.5392,19.377325
4/22/2023,8:28:00,Chroicocephalus ridibundus,Species,Birds,3,40.5392,19.377325
4/22/2023,8:23:00,Tachymarptis melba,Species,Birds,2,40.5392,19.377325
4/22/2023,8:22:00,Tachymarptis melba,Species,Birds,3,40.5392,19.377325
4/22/2023,8:20:00,Merops apiaster,Species,Birds,2,40.5392,19.377325
4/22/2023,8:17:00,Tachymarptis melba,Species,Birds,6,40.5392,19.377325
4/22/2023,8:17:00,Larus fuscus,Species,Birds,1,40.5392,19.377325
4/22/2023,8:15:00,Calonectris diomedea,Species,Birds,25,40.5392,19.377325
4/22/2023,8:12:00,Sterna hirundo,Species,Birds,1,40.5392,19.377325
4/22/2023,8:01:00,Sterna hirundo,Species,Birds,1,40.5392,19.377325
4/22/2023,7:59:00,Sterna hirundo,Species,Birds,4,40.5392,19.377285
4/22/2023,7:57:00,Calonectris diomedea,Species,Birds,10,40.5392,19.377285
4/22/2023,7:57:00,Tadorna tadorna,Species,Birds,2,40.5392,19.377285
4/22/2023,7:55:00,Egretta garzetta,Species,Birds,1,40.5392,19.377285
4/22/2023,7:53:00,Calonectris diomedea,Species,Birds,3,40.5392,19.377285
4/22/2023,7:46:00,Tachymarptis melba,Species,Birds,16,40.5392,19.377285
4/22/2023,7:31:00,Sterna hirundo,Species,Birds,1,40.5392,19.377285
4/22/2023,7:27:00,Calonectris diomedea,Species,Birds,1,40.5392,19.377285
4/22/2023,7:25:00,Chroicocephalus ridibundus,Species,Birds,3,40.5392,19.377285
4/22/2023,7:21:00,Larus michahellis,Species,Birds,2,40.5392,19.377285
4/22/2023,7:17:00,Corvus corax,Species,Birds,2,40.5392,19.377285
4/22/2023,7:06:00,Chroicocephalus ridibundus,Species,Birds,1,40.5392,19.377285
4/22/2023,7:00:00,Calonectris diomedea,Species,Birds,1,40.5392,19.377285
4/22/2023,6:58:00,Tadorna tadorna,Species,Birds,1,40.5392,19.377285
4/21/2023,19:12:00,Egretta garzetta,Species,Birds,10,40.616123,19.347839
4/21/2023,18:57:00,Calidris alba,Species,Birds,3,40.616123,19.347839
4/21/2023,18:55:00,Calidris alba,Species,Birds,18,40.616123,19.347839
4/21/2023,18:55:00,Pluvialis squatarola,Species,Birds,3,40.616123,19.347839
4/21/2023,18:49:00,Thalasseus sandvicensis,Species,Birds,1,40.616123,19.347839
4/21/2023,18:40:00,Numenius phaeopus,Species,Birds,12,40.616123,19.347839
4/21/2023,18:38:00,Calonectris diomedea,Species,Birds,1,40.616123,19.347839
4/21/2023,18:36:00,Phoenicopterus roseus,Species,Birds,40,40.616123,19.347839
4/21/2023,18:34:00,Anas platyrhynchos,Species,Birds,4,40.616123,19.347839
4/21/2023,18:18:00,Charadrius alexandrinus,Species,Birds,2,40.616123,19.347839
4/21/2023,18:17:00,Calidris minuta,Species,Birds,1,40.616123,19.347839
4/21/2023,18:11:00,Calidris ferruginea,Species,Birds,2,40.616123,19.347839
4/21/2023,18:06:00,Ardea alba,Species,Birds,1,40.616123,19.347839
4/21/2023,18:05:00,Larus michahellis,Species,Birds,2,40.616123,19.347839
4/21/2023,18:05:00,Charadrius alexandrinus,Species,Birds,2,40.616123,19.347839
4/21/2023,18:03:00,Ardea alba,Species,Birds,2,40.616123,19.347839
4/21/2023,10:49:00,Gelochelidon nilotica,Species,Birds,2,40.600285,19.431517
4/21/2023,10:44:00,Athene noctua,Species,Birds,1,40.600285,19.431517
4/21/2023,10:43:00,Athene noctua,Species,Birds,1,40.600285,19.431517
4/21/2023,10:43:00,Athene noctua,Species,Birds,1,40.577282,19.401943
4/21/2023,10:32:00,Calidris pugnax,Species,Birds,2,40.577282,19.401943
4/21/2023,10:31:00,Limosa limosa,Species,Birds,10,40.577282,19.401943
4/21/2023,10:30:00,Tringa glareola,Species,Birds,1,40.577282,19.401943
4/21/2023,10:24:00,Emberiza calandra,Species,Birds,1,40.577282,19.401943
4/21/2023,10:15:00,Clamator glandarius,Species,Birds,1,40.577282,19.401943
4/21/2023,10:08:00,Melanocorypha calandra,Species,Birds,3,40.577282,19.401943
4/21/2023,10:06:00,Circus aeruginosus,Species,Birds,1,40.577282,19.401943
4/21/2023,10:04:00,Pelecanus crispus,Species,Birds,1,40.577328,19.401945
4/21/2023,10:01:00,Pelecanus crispus,Species,Birds,1,40.575867,19.400322
4/21/2023,10:00:00,Pelecanus crispus,Species,Birds,1,40.556534,19.459768
4/21/2023,9:46:00,Saxicola rubetra,Species,Birds,1,40.556534,19.459768
4/21/2023,9:44:00,Tringa glareola,Species,Birds,4,40.556534,19.459768
4/21/2023,9:44:00,Cisticola juncidis,Species,Birds,1,40.556534,19.459768
4/21/2023,9:42:00,Curruca curruca,Species,Birds,1,40.556534,19.459768
4/21/2023,9:40:00,Emberiza calandra,Species,Birds,1,40.556534,19.459768
4/21/2023,9:28:00,Egretta garzetta,Species,Birds,2,40.556534,19.459768
4/21/2023,9:27:00,Bubulcus ibis,Species,Birds,1,40.556534,19.459768
4/21/2023,9:26:00,Phoenicopterus roseus,Species,Birds,171,40.556534,19.459768
4/21/2023,9:21:00,Bubulcus ibis,Species,Birds,1,40.556534,19.459768
4/21/2023,9:20:00,Athene noctua,Species,Birds,1,40.556534,19.459768
4/21/2023,9:19:00,Tringa nebularia,Species,Birds,2,40.556534,19.459768
4/21/2023,9:14:00,Oenanthe oenanthe,Species,Birds,1,40.556534,19.459768
4/21/2023,9:13:00,Tringa erythropus,Species,Birds,10,40.556534,19.459768
4/21/2023,9:11:00,Tringa nebularia,Species,Birds,2,40.556534,19.459768
4/21/2023,9:10:00,Recurvirostra avosetta,Species,Birds,20,40.556534,19.459768
4/21/2023,9:09:00,Calidris ferruginea,Species,Birds,95,40.556534,19.459768
4/21/2023,9:09:00,Calidris pugnax,Species,Birds,12,40.556534,19.459768
4/21/2023,9:06:00,Recurvirostra avosetta,Species,Birds,30,40.556534,19.459768
4/21/2023,9:04:00,Recurvirostra avosetta,Species,Birds,35,40.556534,19.459768
4/21/2023,9:04:00,Pelecanus crispus,Species,Birds,3,40.556534,19.459768
4/21/2023,9:02:00,Calidris ferruginea,Species,Birds,68,40.556534,19.459768
4/21/2023,9:02:00,Tringa erythropus,Species,Birds,2,40.556534,19.459768
4/21/2023,9:02:00,Tringa nebularia,Species,Birds,1,40.556534,19.459768
4/21/2023,9:00:00,Calidris minuta,Species,Birds,1,40.556534,19.459768
4/21/2023,9:00:00,Tringa nebularia,Species,Birds,3,40.556534,19.459768
4/21/2023,9:00:00,Tringa nebularia,Species,Birds,1,40.556534,19.459768
4/21/2023,9:00:00,Tringa erythropus,Species,Birds,3,40.556534,19.459768
4/21/2023,8:59:00,Actitis hypoleucos,Species,Birds,1,40.556534,19.459768
4/21/2023,8:58:00,Calidris pugnax,Species,Birds,11,40.556534,19.459768
4/21/2023,8:58:00,Calidris ferruginea,Species,Birds,18,40.556534,19.459768
4/21/2023,8:56:00,Recurvirostra avosetta,Species,Birds,5,40.556534,19.459768
4/21/2023,8:56:00,Tringa nebularia,Species,Birds,3,40.556534,19.459768
4/21/2023,8:56:00,Tringa erythropus,Species,Birds,3,40.556534,19.459768
4/21/2023,8:55:00,Calidris pugnax,Species,Birds,30,40.556534,19.459768
4/21/2023,8:53:00,Phoenicopterus roseus,Species,Birds,37,40.556534,19.459768
4/21/2023,8:52:00,Calidris pugnax,Species,Birds,22,40.556534,19.459768
4/21/2023,8:48:00,Limosa limosa,Species,Birds,1,40.556534,19.459768
4/21/2023,8:47:00,Calidris minuta,Species,Birds,1,40.556534,19.459768
4/21/2023,8:46:00,Chroicocephalus genei,Species,Birds,10,40.556534,19.459768
4/21/2023,8:45:00,Calidris ferruginea,Species,Birds,1,40.556534,19.459768
4/21/2023,8:45:00,Tringa glareola,Species,Birds,1,40.556534,19.459768
4/21/2023,8:44:00,Calidris pugnax,Species,Birds,2,40.556534,19.459768
4/21/2023,8:43:00,Tringa erythropus,Species,Birds,1,40.556534,19.459768
4/21/2023,8:43:00,Limosa limosa,Species,Birds,1,40.556534,19.459768
4/21/2023,8:36:00,Platalea leucorodia,Species,Birds,3,40.556534,19.459768
4/21/2023,8:36:00,Tadorna tadorna,Species,Birds,25,40.556534,19.459768
4/21/2023,8:34:00,Phoenicopterus roseus,Species,Birds,100,40.556534,19.459768
4/21/2023,8:32:00,Platalea leucorodia,Species,Birds,5,40.556534,19.459768
4/21/2023,8:31:00,Recurvirostra avosetta,Species,Birds,50,40.556534,19.459768
4/21/2023,8:31:00,Phoenicopterus roseus,Species,Birds,40,40.556534,19.459768
4/21/2023,8:28:00,Phoenicopterus roseus,Species,Birds,31,40.556534,19.459768
4/21/2023,8:25:00,Tringa erythropus,Species,Birds,1,40.556534,19.459768
4/21/2023,8:25:00,Calidris pugnax,Species,Birds,3,40.556534,19.459768
4/21/2023,8:24:00,Calidris pugnax,Species,Birds,3,40.556534,19.459768
4/21/2023,8:21:00,Tringa nebularia,Species,Birds,3,40.556534,19.459768
4/21/2023,8:20:00,Tringa erythropus,Species,Birds,1,40.556534,19.459768
4/21/2023,8:19:00,Tringa nebularia,Species,Birds,2,40.556534,19.459768
4/21/2023,8:18:00,Calidris pugnax,Species,Birds,1,40.556534,19.459768
4/21/2023,8:17:00,Tringa erythropus,Species,Birds,1,40.556534,19.459768
4/21/2023,8:16:00,Tringa nebularia,Species,Birds,1,40.556534,19.459768
4/21/2023,8:16:00,Calidris pugnax,Species,Birds,2,40.556534,19.459768
4/21/2023,8:16:00,Himantopus himantopus,Species,Birds,4,40.556534,19.459768
4/21/2023,8:15:00,Calidris pugnax,Species,Birds,1,40.556534,19.459768
4/21/2023,8:15:00,Tringa nebularia,Species,Birds,1,40.556534,19.459768
4/21/2023,8:14:00,Phoenicopterus roseus,Species,Birds,30,40.556534,19.459768
4/21/2023,8:13:00,Actitis hypoleucos,Species,Birds,1,40.556534,19.459768
4/21/2023,8:13:00,Tringa nebularia,Species,Birds,1,40.556534,19.459768
4/21/2023,8:12:00,Calidris pugnax,Species,Birds,21,40.556534,19.459768
4/21/2023,8:12:00,Motacilla flava,Species,Birds,2,40.556534,19.459768
4/21/2023,8:12:00,Glareola pratincola,Species,Birds,1,40.556534,19.459768
4/21/2023,8:12:00,Calidris ferruginea,Species,Birds,95,40.556534,19.459768
4/21/2023,8:09:00,Recurvirostra avosetta,Species,Birds,10,40.556534,19.459768
4/21/2023,8:08:00,Egretta garzetta,Species,Birds,9,40.556534,19.459768
4/21/2023,8:02:00,Phoenicopterus roseus,Species,Birds,22,40.556534,19.459768
4/21/2023,8:01:00,Ardea cinerea,Species,Birds,3,40.556534,19.459768
4/21/2023,8:01:00,Pelecanus crispus,Species,Birds,4,40.556534,19.459768
4/21/2023,8:01:00,Phoenicopterus roseus,Species,Birds,150,40.556534,19.459768
4/21/2023,8:00:00,Chroicocephalus genei,Species,Birds,5,40.556534,19.459768
4/21/2023,8:00:00,Calidris minuta,Species,Birds,1,40.556534,19.459768
4/21/2023,8:00:00,Calidris ferruginea,Species,Birds,35,40.556534,19.459768
4/21/2023,8:00:00,Phoenicopterus roseus,Species,Birds,354,40.556534,19.459768
4/21/2023,7:51:00,Chroicocephalus genei,Species,Birds,4,40.556534,19.459768
4/21/2023,7:50:00,Lanius senator,Species,Birds,1,40.556534,19.459768
4/21/2023,7:49:00,Recurvirostra avosetta,Species,Birds,5,40.556534,19.459768
4/21/2023,7:46:00,Platalea leucorodia,Species,Birds,1,40.556534,19.459768
4/21/2023,7:44:00,Phoenicopterus roseus,Species,Birds,50,40.556534,19.459768
4/21/2023,7:40:00,Actitis hypoleucos,Species,Birds,2,40.556534,19.459768
4/21/2023,7:36:00,Sterna hirundo,Species,Birds,1,40.556534,19.459768
4/21/2023,7:35:00,Charadrius alexandrinus,Species,Birds,2,40.556534,19.459768
4/21/2023,7:35:00,Calidris minuta,Species,Birds,1,40.556534,19.459768
4/21/2023,7:31:00,Himantopus himantopus,Species,Birds,5,40.556534,19.459768
4/21/2023,7:31:00,Tringa nebularia,Species,Birds,2,40.556534,19.459768
4/21/2023,7:31:00,Tringa glareola,Species,Birds,2,40.556534,19.459768
4/21/2023,7:24:00,Himantopus himantopus,Species,Birds,8,40.556534,19.459768
4/21/2023,7:22:00,Motacilla flava,Species,Birds,2,40.556534,19.459768
4/21/2023,7:21:00,Recurvirostra avosetta,Species,Birds,10,40.556534,19.459768
4/21/2023,7:21:00,Himantopus himantopus,Species,Birds,5,40.556534,19.459768
4/21/2023,7:20:00,Tringa nebularia,Species,Birds,1,40.556534,19.459768
4/21/2023,7:20:00,Calidris ferruginea,Species,Birds,15,40.556534,19.459768
4/21/2023,7:17:00,Glareola pratincola,Species,Birds,17,40.556534,19.459768
4/21/2023,7:15:00,Buteo buteo,Species,Birds,1,40.556534,19.459768
4/21/2023,7:13:00,Cisticola juncidis,Species,Birds,1,40.556534,19.459768
4/21/2023,7:12:00,Emberiza calandra,Species,Birds,2,40.556534,19.459768
4/21/2023,7:12:00,Calandrella brachydactyla,Species,Birds,1,40.556534,19.459768
4/21/2023,7:12:00,Hirundo rustica,Species,Birds,20,40.556534,19.459768
4/21/2023,7:12:00,Delichon urbicum,Species,Birds,10,40.556534,19.459768
4/21/2023,7:11:00,Cecropis daurica,Species,Birds,3,40.556534,19.459768
4/21/2023,7:09:00,Calidris ferruginea,Species,Birds,20,40.556534,19.459768
4/20/2023,15:56:00,Circus pygargus,Species,Birds,1,40.539188,19.37735
4/20/2023,15:40:00,Larus michahellis,Species,Birds,1,40.539188,19.37735
4/20/2023,14:44:00,Falco subbuteo,Species,Birds,1,40.539188,19.37735
4/20/2023,14:25:00,Saxicola rubetra,Species,Birds,1,40.539188,19.37735
4/20/2023,13:00:00,Falco vespertinus,Species,Birds,1,40.539185,19.377319
4/20/2023,12:15:00,Curruca melanocephala,Species,Birds,1,40.539185,19.377319
4/20/2023,11:54:00,Larus michahellis,Species,Birds,3,40.539185,19.377306
4/20/2023,11:48:00,Falco tinnunculus,Species,Birds,1,40.539185,19.377306
4/20/2023,11:02:00,Curruca melanocephala,Species,Birds,1,40.539185,19.377306
4/20/2023,10:12:00,Circus pygargus,Species,Birds,1,40.539169,19.377314
4/20/2023,10:05:00,Thalasseus sandvicensis,Species,Birds,1,40.539169,19.377314
4/20/2023,10:01:00,Cecropis daurica,Species,Birds,6,40.539169,19.377314
4/20/2023,9:45:00,Thalasseus sandvicensis,Species,Birds,2,40.539169,19.377314
4/20/2023,9:41:00,Circus pygargus,Species,Birds,1,40.539169,19.377314
4/20/2023,9:39:00,Circus pygargus,Species,Birds,2,40.539169,19.377314
4/20/2023,9:34:00,Sterna hirundo,Species,Birds,1,40.539169,19.377314
4/20/2023,9:12:00,Merops apiaster,Species,Birds,2,40.539146,19.377289
4/20/2023,9:12:00,Falco tinnunculus,Species,Birds,1,40.539146,19.377289
4/20/2023,9:10:00,Larus michahellis,Species,Birds,5,40.539146,19.377289
4/20/2023,9:09:00,Egretta garzetta,Species,Birds,1,40.539146,19.377289
4/20/2023,9:08:00,Sterna hirundo,Species,Birds,3,40.539146,19.377289
4/20/2023,8:54:00,Sterna hirundo,Species,Birds,4,40.539146,19.377289
4/20/2023,8:49:00,Calonectris diomedea,Species,Birds,3,40.539146,19.377289
4/20/2023,8:43:00,Corvus corax,Species,Birds,2,40.539146,19.377289
4/20/2023,8:41:00,Anas platyrhynchos,Species,Birds,2,40.539146,19.377289
4/20/2023,8:32:00,Egretta garzetta,Species,Birds,5,40.539146,19.377289
4/20/2023,8:31:00,Accipiter nisus,Species,Birds,1,40.539146,19.377289
4/20/2023,8:28:00,Tachymarptis melba,Species,Birds,10,40.539146,19.377289
4/20/2023,8:26:00,Sterna hirundo,Species,Birds,1,40.539146,19.377289
4/20/2023,8:26:00,Larus michahellis,Species,Birds,10,40.539146,19.377289
4/20/2023,8:26:00,Calonectris diomedea,Species,Birds,5,40.539146,19.377289
4/19/2023,21:59:00,Zapornia pusilla,Species,Birds,1,40.507389,19.42354
4/19/2023,15:39:00,Falco tinnunculus,Species,Birds,1,40.538177,19.377745
4/19/2023,15:33:00,Ardea cinerea,Species,Birds,1,40.538177,19.377745
4/19/2023,15:19:00,Motacilla alba,Species,Birds,1,40.538177,19.377745
4/19/2023,15:11:00,Curruca melanocephala,Species,Birds,1,40.538177,19.377745
4/19/2023,15:04:00,Chloris chloris,Species,Birds,1,40.539272,19.377237
4/19/2023,14:34:00,Larus michahellis,Species,Birds,1,40.539272,19.377237
4/19/2023,14:09:00,Larus michahellis,Species,Birds,5,40.539272,19.377237
4/19/2023,13:07:00,Corvus corax,Species,Birds,2,40.539188,19.377319
4/19/2023,13:03:00,Larus michahellis,Species,Birds,1,40.539188,19.377319
4/19/2023,13:00:00,Egretta garzetta,Species,Birds,3,40.539158,19.377302
4/19/2023,12:54:00,Ardea cinerea,Species,Birds,1,40.539158,19.377302
4/19/2023,12:19:00,Curruca melanocephala,Species,Birds,1,40.539158,19.377302
4/19/2023,11:45:00,Larus michahellis,Species,Birds,2,40.539177,19.377342
4/19/2023,11:44:00,Phalacrocorax carbo,Species,Birds,1,40.539177,19.377342
4/19/2023,10:47:00,Falco vespertinus,Species,Birds,2,40.539177,19.377342
4/19/2023,10:46:00,Circus pygargus,Species,Birds,1,40.539177,19.377342
4/19/2023,10:29:00,Bubulcus ibis,Species,Birds,1,40.539177,19.377342
4/19/2023,10:28:00,Calonectris diomedea,Species,Birds,10,40.539177,19.377342
4/19/2023,10:13:00,Accipiter nisus,Species,Birds,1,40.539177,19.377342
4/19/2023,10:07:00,Calonectris diomedea,Species,Birds,1,40.539177,19.377342
4/19/2023,10:02:00,Egretta garzetta,Species,Birds,7,40.539177,19.377342
4/19/2023,10:02:00,Circus pygargus,Species,Birds,1,40.539177,19.377342
4/19/2023,10:01:00,Anthus cervinus,Species,Birds,2,40.539177,19.377342
4/19/2023,9:59:00,Accipiter nisus,Species,Birds,1,40.53915,19.377302
4/19/2023,9:58:00,Egretta garzetta,Species,Birds,1,40.53915,19.377302
4/19/2023,9:57:00,Thalasseus sandvicensis,Species,Birds,1,40.53915,19.377302
4/19/2023,9:56:00,Egretta garzetta,Species,Birds,5,40.53915,19.377302
4/19/2023,9:00:00,Sterna hirundo,Species,Birds,1,40.53915,19.377302
4/19/2023,8:57:00,Larus michahellis,Species,Birds,20,40.53915,19.377302
4/19/2023,8:46:00,Tadorna tadorna,Species,Birds,4,40.53915,19.377302
4/19/2023,8:36:00,Falco vespertinus,Species,Birds,2,40.53915,19.377302
4/19/2023,8:35:00,Falco vespertinus,Species,Birds,1,40.53915,19.377302
4/19/2023,8:35:00,Calonectris diomedea,Species,Birds,2,40.53915,19.377302
4/18/2023,15:01:00,Circus aeruginosus,Species,Birds,1,40.513515,19.462458
4/18/2023,14:19:00,Accipiter nisus,Species,Birds,1,40.513515,19.462458
4/18/2023,13:41:00,Buteo buteo,Species,Birds,2,40.513531,19.462368
4/18/2023,13:41:00,Circaetus gallicus,Species,Birds,1,40.513531,19.462368
4/18/2023,13:06:00,Remiz pendulinus,Species,Birds,1,40.513611,19.462603
4/18/2023,12:57:00,Upupa epops,Species,Birds,1,40.513611,19.462603
4/18/2023,12:57:00,Saxicola rubicola,Species,Birds,1,40.513611,19.462603
4/18/2023,12:56:00,Sylvia atricapilla,Species,Birds,1,40.513611,19.462603
4/18/2023,12:53:00,Buteo buteo,Species,Birds,1,40.513611,19.462603
4/18/2023,12:04:00,Corvus corax,Species,Birds,2,40.513611,19.462603
4/18/2023,12:01:00,Buteo buteo,Species,Birds,1,40.513592,19.462351
4/18/2023,11:03:00,Buteo buteo,Species,Birds,3,40.513592,19.462351
4/18/2023,10:32:00,Circaetus gallicus,Species,Birds,1,40.513538,19.4624
4/18/2023,10:25:00,Oriolus oriolus,Species,Birds,2,40.513538,19.4624
4/18/2023,10:17:00,Buteo buteo,Species,Birds,1,40.513538,19.4624
4/18/2023,10:05:00,Hieraaetus pennatus,Species,Birds,1,40.513538,19.4624
4/18/2023,9:22:00,Falco tinnunculus,Species,Birds,1,40.513569,19.462336
4/18/2023,9:06:00,Streptopelia turtur,Species,Birds,3,40.513569,19.462336
4/18/2023,9:06:00,Phalacrocorax carbo,Species,Birds,2,40.513569,19.462336
4/18/2023,8:41:00,Accipiter nisus,Species,Birds,1,40.513531,19.462269
4/18/2023,8:37:00,Burhinus oedicnemus,Species,Birds,4,40.513531,19.462269
4/18/2023,8:34:00,Phoenicopterus roseus,Species,Birds,976,40.513531,19.462269
4/18/2023,8:22:00,Circaetus gallicus,Species,Birds,1,40.513531,19.462269
4/18/2023,8:21:00,Chroicocephalus genei,Species,Birds,2,40.513531,19.462269
4/18/2023,8:21:00,Tadorna tadorna,Species,Birds,2,40.513531,19.462269
4/18/2023,8:21:00,Himantopus himantopus,Species,Birds,33,40.513531,19.462269
4/18/2023,8:21:00,Egretta garzetta,Species,Birds,8,40.513531,19.462269
4/17/2023,12:28:00,Saxicola rubicola,Species,Birds,2,40.523907,19.470274
4/17/2023,12:28:00,Lanius senator,Species,Birds,1,40.523849,19.470263
4/17/2023,12:28:00,Saxicola rubetra,Species,Birds,2,40.523678,19.470228
4/17/2023,12:28:00,Curruca communis,Species,Birds,1,40.523628,19.470226
4/17/2023,11:59:00,Phoenicopterus roseus,Species,Birds,320,40.513618,19.462336
4/17/2023,11:48:00,Himantopus himantopus,Species,Birds,49,40.513618,19.462336
4/17/2023,11:19:00,Falco subbuteo,Species,Birds,1,40.513618,19.462336
4/17/2023,11:03:00,Tachymarptis melba,Species,Birds,1,40.513618,19.462336
4/17/2023,11:00:00,Circaetus gallicus,Species,Birds,1,40.513596,19.462322
4/17/2023,10:50:00,Circus aeruginosus,Species,Birds,1,40.513596,19.462322
4/17/2023,10:46:00,Circus aeruginosus,Species,Birds,1,40.513596,19.462322
4/17/2023,10:44:00,Tringa nebularia,Species,Birds,1,40.513596,19.462322
4/17/2023,10:43:00,Calidris pugnax,Species,Birds,1,40.513596,19.462322
4/17/2023,10:43:00,Himantopus himantopus,Species,Birds,53,40.513596,19.462322
4/17/2023,10:42:00,Spatula querquedula,Species,Birds,2,40.513596,19.462322
4/17/2023,10:37:00,Circaetus gallicus,Species,Birds,1,40.513596,19.462322
4/17/2023,10:37:00,Tadorna tadorna,Species,Birds,2,40.513596,19.462322
4/17/2023,10:37:00,Recurvirostra avosetta,Species,Birds,15,40.513596,19.462322
4/17/2023,10:21:00,Falco tinnunculus,Species,Birds,1,40.513596,19.462322
4/17/2023,10:18:00,Pelecanus crispus,Species,Birds,1,40.513596,19.462322
4/17/2023,10:18:00,Buteo buteo,Species,Birds,2,40.513596,19.462322
4/17/2023,10:12:00,Circaetus gallicus,Species,Birds,1,40.513596,19.462322
4/17/2023,10:11:00,Buteo buteo,Species,Birds,1,40.513596,19.462322
4/17/2023,10:07:00,Accipiter gentilis,Species,Birds,1,40.513596,19.462322
4/17/2023,10:03:00,Falco tinnunculus,Species,Birds,2,40.513596,19.462322
4/17/2023,10:00:00,Falco tinnunculus,Species,Birds,1,40.513565,19.4624
4/17/2023,9:59:00,Apus apus,Species,Birds,1,40.513565,19.4624
4/17/2023,9:52:00,Tachymarptis melba,Species,Birds,27,40.513565,19.4624
4/17/2023,9:51:00,Falco eleonorae,Species,Birds,1,40.513565,19.4624
4/17/2023,9:44:00,Larus michahellis,Species,Birds,2,40.513565,19.4624
4/17/2023,9:40:00,Falco eleonorae,Species,Birds,1,40.513565,19.4624
4/17/2023,9:27:00,Cecropis daurica,Species,Birds,10,40.513565,19.4624
4/17/2023,9:24:00,Pelecanus crispus,Species,Birds,1,40.513565,19.4624
4/17/2023,9:21:00,Tringa nebularia,Species,Birds,5,40.513565,19.4624
4/17/2023,9:21:00,Calidris pugnax,Species,Birds,7,40.513565,19.4624
4/17/2023,9:21:00,Phoenicopterus roseus,Species,Birds,722,40.513565,19.4624
4/17/2023,9:20:00,Larus michahellis,Species,Birds,3,40.513565,19.4624
4/17/2023,9:20:00,Tadorna tadorna,Species,Birds,2,40.513565,19.4624
4/17/2023,9:19:00,Tachymarptis melba,Species,Birds,3,40.513565,19.4624
4/17/2023,9:19:00,Tringa totanus,Species,Birds,1,40.513565,19.4624
4/17/2023,9:16:00,Numenius arquata,Species,Birds,2,40.513565,19.4624
4/17/2023,9:14:00,Pelecanus crispus,Species,Birds,1,40.513565,19.4624
4/17/2023,9:14:00,Himantopus himantopus,Species,Birds,61,40.513565,19.4624
4/17/2023,9:14:00,Anas platyrhynchos,Species,Birds,1,40.513565,19.4624
4/17/2023,9:13:00,Tadorna tadorna,Species,Birds,14,40.513565,19.4624
4/17/2023,9:13:00,Tringa erythropus,Species,Birds,2,40.513565,19.4624
4/17/2023,9:12:00,Tringa erythropus,Species,Birds,1,40.513565,19.4624
4/17/2023,9:11:00,Recurvirostra avosetta,Species,Birds,11,40.513565,19.4624
4/17/2023,9:10:00,Tringa erythropus,Species,Birds,2,40.513565,19.4624
4/17/2023,9:10:00,Pluvialis squatarola,Species,Birds,2,40.513565,19.4624
4/17/2023,9:09:00,Corvus corax,Species,Birds,1,40.513565,19.4624
4/17/2023,9:04:00,Corvus corax,Species,Birds,1,40.513565,19.4624
4/16/2023,23:02:00,Otus scops,Species,Birds,2,40.501682,19.407061
4/15/2023,17:43:00,Plegadis falcinellus,Species,Birds,50,40.985062,19.497002
3/29/2023,10:21:00,Fulica atra,Species,Birds,1,41.06675,20.639582
3/29/2023,10:20:00,Podiceps cristatus,Species,Birds,31,41.06675,20.639582
3/29/2023,10:19:00,Fulica atra,Species,Birds,4,41.06675,20.639582
3/29/2023,10:19:00,Chroicocephalus ridibundus,Species,Birds,20,41.06675,20.639582
3/29/2023,10:17:00,Microcarbo pygmaeus,Species,Birds,1,41.06675,20.639582
3/29/2023,10:07:00,Microcarbo pygmaeus,Species,Birds,1,41.051086,20.643322
3/29/2023,10:07:00,Phalacrocorax carbo,Species,Birds,10,41.051086,20.643322
3/29/2023,10:06:00,Larus michahellis,Species,Birds,1,41.051086,20.643322
3/29/2023,10:05:00,Podiceps cristatus,Species,Birds,2,41.051086,20.643322
3/29/2023,10:04:00,Tachybaptus ruficollis,Species,Birds,2,41.051086,20.643322
3/29/2023,10:04:00,Fulica atra,Species,Birds,32,41.051086,20.643322
3/29/2023,10:04:00,Microcarbo pygmaeus,Species,Birds,2,41.051086,20.643322
3/29/2023,9:53:00,Anas platyrhynchos,Species,Birds,2,41.031246,20.634804
3/29/2023,9:53:00,Chroicocephalus ridibundus,Species,Birds,4,41.031246,20.634804
3/29/2023,9:53:00,Microcarbo pygmaeus,Species,Birds,14,41.031246,20.634804
3/29/2023,9:48:00,Microcarbo pygmaeus,Species,Birds,1,40.993721,20.637974
3/29/2023,9:48:00,Chroicocephalus ridibundus,Species,Birds,4,40.993721,20.637974
3/29/2023,9:39:00,Microcarbo pygmaeus,Species,Birds,1,40.962826,20.644993
3/29/2023,9:39:00,Podiceps cristatus,Species,Birds,1,40.962826,20.644993
3/29/2023,9:39:00,Phalacrocorax carbo,Species,Birds,2,40.962826,20.644993
3/29/2023,9:39:00,Fulica atra,Species,Birds,8,40.962826,20.644993
3/29/2023,9:30:00,Tachybaptus ruficollis,Species,Birds,1,40.929794,20.641039
3/29/2023,9:29:00,Fulica atra,Species,Birds,2,40.929794,20.641039
3/29/2023,9:29:00,Microcarbo pygmaeus,Species,Birds,71,40.929794,20.641039
3/29/2023,9:18:00,Chroicocephalus ridibundus,Species,Birds,20,40.903408,20.658251
3/29/2023,9:18:00,Cygnus olor,Species,Birds,3,40.903408,20.658251
3/29/2023,9:18:00,Microcarbo pygmaeus,Species,Birds,2,40.903408,20.658251
3/29/2023,9:18:00,Chroicocephalus ridibundus,Species,Birds,18,40.903408,20.658251
3/29/2023,9:05:00,Chroicocephalus ridibundus,Species,Birds,7,40.901539,20.673014
3/29/2023,9:05:00,Microcarbo pygmaeus,Species,Birds,1,40.901539,20.673014
3/29/2023,9:05:00,Fulica atra,Species,Birds,43,40.901539,20.673014
3/29/2023,9:05:00,Podiceps cristatus,Species,Birds,45,40.901539,20.673014
3/29/2023,8:58:00,Fulica atra,Species,Birds,15,40.900688,20.700895
3/29/2023,8:58:00,Anas platyrhynchos,Species,Birds,3,40.900688,20.700895
3/29/2023,8:57:00,Podiceps cristatus,Species,Birds,117,40.900688,20.700895
3/29/2023,8:57:00,Larus michahellis,Species,Birds,1,40.900688,20.700895
3/29/2023,8:57:00,Calidris pugnax,Species,Birds,17,40.900688,20.700895
3/29/2023,8:56:00,Fulica atra,Species,Birds,10,40.900688,20.700895
3/29/2023,8:56:00,Egretta garzetta,Species,Birds,1,40.900688,20.700895
3/29/2023,8:56:00,Microcarbo pygmaeus,Species,Birds,11,40.900688,20.700895
3/29/2023,8:55:00,Cygnus olor,Species,Birds,2,40.900688,20.700895
3/29/2023,8:55:00,Chroicocephalus ridibundus,Species,Birds,229,40.900688,20.700895
3/29/2023,8:33:00,Anas crecca,Species,Birds,2,40.9058,20.725254
3/29/2023,8:33:00,Chroicocephalus ridibundus,Species,Birds,25,40.9058,20.725254
3/29/2023,8:32:00,Fulica atra,Species,Birds,15,40.9058,20.725254
3/29/2023,8:31:00,Podiceps cristatus,Species,Birds,4,40.9058,20.725254
3/29/2023,8:29:00,Aythya ferina,Species,Birds,2,40.9058,20.725254
3/29/2023,8:29:00,Anas crecca,Species,Birds,2,40.9058,20.725254
3/29/2023,8:29:00,Aythya fuligula,Species,Birds,11,40.9058,20.725254
3/29/2023,8:27:00,Podiceps cristatus,Species,Birds,74,40.9058,20.725254
3/28/2023,10:13:00,Anas platyrhynchos,Species,Birds,5,40.766304,20.923161
3/28/2023,10:12:00,Anas crecca,Species,Birds,4,40.766304,20.923161
3/28/2023,10:09:00,Podiceps cristatus,Species,Birds,2,40.766304,20.923161
3/28/2023,10:07:00,Circaetus gallicus,Species,Birds,1,40.766304,20.923161
3/28/2023,9:46:00,Microcarbo pygmaeus,Species,Birds,2,40.792202,20.916922
3/28/2023,9:45:00,Anas platyrhynchos,Species,Birds,2,40.792202,20.916922
3/28/2023,9:45:00,Podiceps cristatus,Species,Birds,2,40.792202,20.916922
3/28/2023,9:45:00,Podiceps nigricollis,Species,Birds,2,40.792202,20.916922
3/28/2023,9:34:00,Fulica atra,Species,Birds,1,40.790195,20.909496
3/28/2023,9:33:00,Larus michahellis,Species,Birds,2,40.790195,20.909496
3/28/2023,9:33:00,Egretta garzetta,Species,Birds,3,40.790195,20.909496
3/28/2023,9:33:00,Aythya fuligula,Species,Birds,33,40.790195,20.909496
3/28/2023,9:33:00,Fulica atra,Species,Birds,18,40.790195,20.909496
3/28/2023,9:32:00,Aythya ferina,Species,Birds,24,40.790195,20.909496
3/28/2023,9:29:00,Podiceps cristatus,Species,Birds,20,40.790195,20.909496
3/28/2023,9:28:00,Fulica atra,Species,Birds,2,40.790195,20.909496
3/28/2023,9:27:00,Larus michahellis,Species,Birds,3,40.790195,20.909496
3/28/2023,9:25:00,Egretta garzetta,Species,Birds,1,40.790195,20.909496
3/28/2023,9:23:00,Microcarbo pygmaeus,Species,Birds,2,40.790195,20.909496
3/28/2023,9:23:00,Fulica atra,Species,Birds,8,40.790195,20.909496
3/28/2023,9:23:00,Ardea cinerea,Species,Birds,1,40.790195,20.909496
3/28/2023,9:04:00,Fulica atra,Species,Birds,1,40.858566,20.947006
3/28/2023,9:04:00,Anas platyrhynchos,Species,Birds,2,40.858566,20.947006
3/28/2023,9:02:00,Anas platyrhynchos,Species,Birds,2,40.858566,20.947006
3/28/2023,8:59:00,Aythya fuligula,Species,Birds,1,40.864552,20.93931
3/28/2023,8:58:00,Fulica atra,Species,Birds,1,40.864552,20.93931
3/28/2023,8:58:00,Ardea cinerea,Species,Birds,1,40.864552,20.93931
3/28/2023,8:58:00,Podiceps cristatus,Species,Birds,3,40.864552,20.93931
3/28/2023,8:57:00,Chroicocephalus ridibundus,Species,Birds,1,40.866825,20.933653
3/28/2023,8:51:00,Microcarbo pygmaeus,Species,Birds,2,40.88308,20.924395
3/28/2023,8:51:00,Podiceps cristatus,Species,Birds,10,40.88308,20.924395
3/28/2023,8:49:00,Podiceps nigricollis,Species,Birds,5,40.88308,20.924395
3/28/2023,8:48:00,Anas platyrhynchos,Species,Birds,7,40.88308,20.924395
3/28/2023,8:47:00,Fulica atra,Species,Birds,57,40.88308,20.924395
3/28/2023,8:46:00,Chroicocephalus ridibundus,Species,Birds,69,40.88308,20.924395
3/28/2023,8:46:00,Chroicocephalus ridibundus,Species,Birds,180,40.88308,20.924395
3/28/2023,8:44:00,Aythya fuligula,Species,Birds,3,40.88308,20.924395
3/28/2023,8:44:00,Larus michahellis,Species,Birds,2,40.88308,20.924395
3/28/2023,8:44:00,Aythya ferina,Species,Birds,8,40.88308,20.924395
3/28/2023,8:44:00,Ardea cinerea,Species,Birds,1,40.88308,20.924395
3/28/2023,8:41:00,Fulica atra,Species,Birds,77,40.88308,20.924395
3/28/2023,8:38:00,Phalacrocorax carbo,Species,Birds,1,40.88308,20.924395
3/28/2023,8:37:00,Microcarbo pygmaeus,Species,Birds,4,40.88308,20.924395
3/28/2023,8:31:00,Ardea alba,Species,Birds,1,40.88308,20.924395
3/27/2023,8:51:00,Saxicola rubicola,Species,Birds,1,41.317562,19.816614
3/27/2023,8:51:00,Parus major,Species,Birds,1,41.317562,19.816614
3/27/2023,8:51:00,Linaria cannabina,Species,Birds,3,41.317562,19.816614
3/27/2023,8:50:00,Circus aeruginosus,Species,Birds,2,41.317562,19.816614
3/26/2023,14:53:00,Vanessa cardui,Species,Butterflies (Lepidoptera),1,41.317562,19.816614
3/26/2023,14:53:00,Vanessa atalanta,Species,Butterflies (Lepidoptera),1,41.317562,19.816614
3/26/2023,12:50:00,Poecile lugubris,Species,Birds,1,41.317562,19.816614
3/26/2023,12:50:00,Phoenicurus ochruros,Species,Birds,1,41.317562,19.816614
3/26/2023,12:36:00,Passer montanus,Species,Birds,1,41.317562,19.816614
3/26/2023,12:35:00,Motacilla alba,Species,Birds,2,41.317562,19.816614
3/26/2023,12:27:00,Garrulus glandarius,Species,Birds,1,41.317562,19.816614
3/26/2023,12:25:00,Buteo buteo,Species,Birds,1,41.317562,19.816614
3/26/2023,12:24:00,Linaria cannabina,Species,Birds,3,41.317562,19.816614
3/26/2023,12:20:00,Poecile lugubris,Species,Birds,1,41.317562,19.816614
3/26/2023,12:20:00,Lullula arborea,Species,Birds,1,41.317562,19.816614
3/26/2023,12:13:00,Parus major,Species,Birds,1,41.317562,19.816614
3/26/2023,12:12:00,Fringilla coelebs,Species,Birds,1,41.317562,19.816614
3/26/2023,12:09:00,Turdus merula,Species,Birds,1,41.317562,19.816614
3/26/2023,12:08:00,Emberiza calandra,Species,Birds,1,41.317562,19.816614
3/26/2023,12:08:00,Phylloscopus collybita,Species,Birds,1,41.317562,19.816614
3/26/2023,12:05:00,Emberiza cia,Species,Birds,2,41.317562,19.816614
3/26/2023,12:05:00,Chloris chloris,Species,Birds,2,41.317562,19.816614
3/26/2023,11:43:00,Upupa epops,Species,Birds,1,41.317562,19.816614
3/12/2023,8:32:00,Falco tinnunculus,Species,Birds,1,41.317562,19.816614
